,,STKCOD,STKDES
0,0,T1956015ASSURGY,ยางนอก GY 195/60-15 ASSUR
1,1,T1856015TZ700FS,ยางนอก FS 185/60-15 TZ700
2,4,T2453520K452FK,ยางนอก FK 245/35-20 FK452
3,5,T2155517NT860,ยางนอก NT215/55-17 NT860
4,6,T2654022KL12KUMHO,ยางนอก KUMHO 265/40-22 KL12
5,7,T2454518PS31KH,ยางนอก KH 245/45-18 PS31
6,8,T1955515TOYO,ยางนอก TOYO 195/55-15 T1R
7,9,T2156016CF2TOYO,ยางนอก TOYO 215/60-16 CF2
8,10,T2454520PARADAYK00,ยางนอก YK 245/45-20 PA02
9,11,T2256017RV02YK,ยางนอก YK 225/60-17 RV02
10,12,MAX WHEEL,ล้อแม็กซ์
11,13,T2155517RE003,ยางนอก BS 215/55-17 RE003
12,14,T2755520TOYO,ยางนอก YOKO 275/55-20 PA2
13,15,T2657016K02,ยางรถยนต์ 265/70-16 K02 / BF
14,16,T2155517E70YK,ยางนอก YK 215/55-17 E70
15,17,T2254018RE003BS00,ยางนอก BS 225/40-18 RE003
16,18,T2657516R405,ยางนอก DS 265/75-16 R405
17,19,T2656018X401,ยางนอก 265/60-18 X401
18,21,T1656013R201,ยางนอก 165/60-13 R201
19,22,T2557015ATSAGY,ยางนอก GY 255/70-15 AT/SA
20,23,T2655020KL12KM,ยางนอก KM 265/50-20 KL12
21,27,T1557012R202DS,ยางนอก DS 155/70-12 R202
22,28,T2355018PXC1S,ยางนอก TOYO 235/50-18 PXC1S
23,31,T2656018D684BS00,ยางนอก BS 265/60-18 D684
24,33,T2655020AT1MT,ยางนอก MT 265/50-20 AT-1
25,34,T,ยางรถยนต์
26,35,T2155017RE003BS00,ยางนอก BS 215/50-17 RE003
27,36,T2457016SUVML00,ยางนอก ML 245/70-16 SUV
28,37,T2254518C1STOYO,ยางนอก TOYO 225/45-18 C1S
29,38,T2254517DT30DAYTON,ยางนอก DAYTON 225/45-17 DT30
30,39,T8.518.5114.3,ยางรถยนต์ 8.5X18.5-114.3 JAGER
31,41,T2156516HPGY00,ยางนอก GY 215 /65 -16 GARGO
32,42,T2354018C1STOYO,ยางนอก TOYO 235/40-18 C1S
33,43,T2654022PA02YK,ยางนอก YK 265/40-22 PA02
34,44,T2057015R624BS00,ยางนอก BS 205/70-15R624
35,48,T2355518R603,ยางนอก DS 235/55-18 R603
36,49,T1955016AE50,ยางนอก YK 195/50-16 AE50
37,50,T2656018NTGA2NT,ยางนอก NT 265/60-18 NTGA2
38,51,T2656018G015,ยางนอก YK 265/60-18 G015
39,52,T2356017WRANGLERGY,ยางนอก GY 235/60-17 WRANGLER TRIPIEMAX
40,53,T2055016MY02BS00,ยางนอก BS 205  /50 -16 MY02
41,54,T1856016EC300,ยางนอก DL 185/60-16 EC300
42,55,T1854515NS2NK,ยางนอก NK 185/45-15 NS2
43,56,T2155517AE50YK,ยางนอก YK 215/55-17 AE50
44,57,T2255017EP200BS00,ยางนอก BS 225 / 50 -17 Ecopia EP200
45,60,T2657016G015YK,ยางนอก YK 265/70-16 G015
46,61,T2257015D603,ยางนอก DS 225/70-15 D603
47,62,T2655020NT420,ยางนอก NT 265/50-20 NT420
48,63,T2656018NT420NT,ยางนอก NT 265/60-18 NT420
49,64,T1656013R203DS,ยางนอก DS 165/60-13 R203
50,66,T2356016T005A,ยางนอก BS 235/60-16 T005A
51,67,T2755520K02BF,ยางนอก BF 275/55-20 K02
52,68,T2657516K02BF,ยางนอก BF 265/75-16 K02
53,71,T2454518X401MT00,ยางนอก MT 245/45-18 X401
54,73,T1856015E70YK,ยางนอก YK 185/60-15 E70
55,76,T2656517G015,ยางนอก YK 265/65-17 G015
56,77,T2656517NT420NT,ยางนอก NT 265/65-17 NT420
57,79,T2157015T88DS,ยางนอก DS 215/70-15 T88
58,80,T2057015T88,ยางนอก DS 205/70-15 T88
59,82,T2153518NS2NK,ยางนอก NK 215/35-18 NS2
60,84,T2454518TECHNO SPORT,ยางนอก BS 245/45-18 TECHNO SPORT
61,87,T2355518PXTSSTOYO,ยางนอก TOYO 235/55-18 PXTSS
62,90,T1655015NS2NK00,ยางนอก NK 165/50-15 NS-2
63,91,T2056016NER380,ยางนอก TOYO 205/60-16 NER380
64,92,T1955515F1GSDGY00,ยางนอก GY 195 /55 -15 F1 
65,93,S-COIL SPRING-01,สปริงโหลด
66,96,SPING00,สปริงโหลด
67,97,T2354518SPSPORT01FS,ยางนอก FS 235/45-18 SP SPORT01
68,98,T1954515NS2NK,ยางนอก NK 195/45-15 NS-2
69,100,T2656518K02BF,ยางนอก BF 265/65-18 K02
70,101,T1956515R20DS,ยางนอก DS 195/65-15 R20
71,105,T2354518RA801E,ยางนอก DS 235/45-18 RA801E
72,106,T2254518R702,ยางนอก DS 225/45-18 R702
73,107,T2453520R702,ยางนอก DS 245/35-20 R702
74,108,T2156516R611BS,ยางนอก BS 215/65-16 R611
75,110,T2156516T88DS,ยางนอก DS 215/65-16 T88
76,113,T2454018PS31KH,ยางนอก KH 245/40-18 PS31
77,114,B-GS-105D31R,แบตเตอรี่ GS 105D31R
78,115,B-3K-N150,แบตเตอรี่ 3K 150A 12V
79,116,B-GS-105D31L,แบตเตอรี่ GS 105D31
80,117,B-GS-GT195L,แบตเตอรี่ GS GT195
81,118,T23555173STML,ยางนอก ML 235/55-17 3ST
82,119,PETRONAS10W30,"น้ำมันเครื่อง 10W30 PETRONAS 10,000โล"
83,120,S555,กรองเครื่อง
84,121,M-SERVICE-01,ค่าบริการ
85,122,M-04-01-0003,จุ๊บเติมลม ฟรี
86,123,M-08-02-0003,ตั้งศูนย์ (เปลี่ยนยาง 4 เส้น ฟรี)
87,124,B-GS-GT120,แบตเตอรี่ GS GT120
88,125,T2157015R611BS00,ยางนอก BS 215 / 70 -15 R611
89,129,B-GS-G120,แบตเตอรี่ GS G120R
90,130,B-GS-EXTRA150L,แบตเตอรี่ GS HYBRID EXTRA150L
91,135,S-CLUTCH-08,แม่ปั๊มครัชล่าง
92,136,SBREAK-FLUID,น้ำมันเบรค
93,138,T2057514RE611BS00,ยางนอก BS 205  /75 -14 R611
94,141,T2657016EP850BS00,ยางนอก BS 265 / 70-16 Ecopia EP850
95,144,MOBIL 10W-30,น้ำมันเครื่อง Mobil 10w-30/s2000-10000โล 
96,149,S-BELT-01,สายพานเครื่อง
97,152,MOBIL 10W-40,น้ำมันเครื่อง Mobil 10w-40/s2000-10000โล
98,154,AISIN,น้ำมันเกียร์
99,155,P-POWER ATF,น้ำมันเพาเวอร์
100,156,SCOOLANT-01,น้ำยา coolant 1L
101,160,S-CLUTCH-07,แม่ปั๊มครัชบน
102,165,S-RING,แหวนรองน็อตน้ำมันเครื่อง
103,166,ATF CVTF SEMI,น้ำมันเกียร์ (1A PTT)
104,167,VALVOLINE,น้ำมันเฟืองท้าย valvoline  Limited
105,172,SBREAKPAD-02,ผ้าเบรคหน้า
106,173,M-05-01-0001,เจียรจานเบรคล้อหน้า ขวา-ซ้าย
107,174,S-SHOESBREAK,ก้ามเบรคหลัง
108,175,M-05-01-0003,เจียรจานเบรคล้อหลัง ขวา-ซ้าย
109,177,ล-001,ล้างระบบแอร์
110,180,M-SERVICE-48,แว๊กน้ำยาแอร์
111,181,S-THERMOS-02,วาวล์
112,185,B-GS-N100,แบตเตอรี่ GS N100 (ลูกยาว)
113,188,S555NS0070-321,กรองดักน้ำ 
114,189,S-FUEL FILTER-01,กรองโซล่า
115,190,S-AIR FILTER-02,กรองอากาศ
116,191,S-AIR FILTER-03,กรองแอร์
117,198,B-3K-VS80R,แบตเตอรี่ 3K VS80
118,200,SWIPER-BLADE-01,ก้านปัดน้ำฝน
119,201,S-TIMING BELT-04,ลูกรอกไดร์ชาร์ต
120,203,RACK END-01,ลูกหมากแล็ค
121,204,S-UP BALL JOINT-01,ลูกหมากบน
122,205,S-LOW BALL JOINT-01,ลูกหมากล่าง
123,206,S-TIE ROD END-01,คันชักนอก
124,207,SRBIMPRB1020,ยางรองปลายแหนบ
125,208,SRBI-01,ยางหูแหนบ
126,209,S555NS00TOYOTA001,โช๊คหน้า
127,211,M-08-02-0002,ตั้งศูนย์
128,217,HYDORIC,น้ำมันไฮโดรลิค  5ลิตร/1แกลลอน
129,219,P-DISTILLED WATER,น้ำกลั่น
130,222,B-BOSS-55B24R,แบตเตอรี่ GS 185L
131,223,M-02-01-0001,สลับยาง-หน้าหลัง
132,224,M-03-01-1516,ถ่วงล้อ
133,232,T2157516UE168HK,ยางนอก MAXXIS  215/75-16 UE168
134,235,B-GS-GT150L,แบตเตอรี่ GS GT150L (95D31L)
135,246,S555ZZZZBF 68148,ลูกปืนล้อหลัง
136,247,SBEARING-RR,เสื้อลูกปืนล้อหลัง
137,248,S-SEAL-03,ซีลล้อหลัง นอกใน
138,249,S-ARM BUSHING-06,ปลอกอัดลูกปืนล้อหลัง
139,251,AMCO-เฟืองท้าย,น้ำมันเฟืองท้าย
140,252,P-PETRO,น้ำมันเบนซิลล้าง
141,260,B-GS-EXTRA120,แบตเตอรี่ GS EXTRA120
142,264,S-CLUTCH-01,หวีครัช
143,265,S-CLUTCH-02,แผ่นครัช
144,266,S-CLUTCH-03,ลูกปืนครัช
145,267,S-CLUTCH-04,ลูกปืนปลายเกียร์
146,269,S-SHOCK-10,ก้ามปูครัช
147,271,M-06-01-0001,ขัดผ้าเบรคคู่หน้า
148,272,M-07-01-0002,เช็คเบรคล้อหลัง-พร้อมล้างทำความสะอาด
149,276,B-GS-G150,แบตเตอรี่ GS G150  (ลูกยาว)
150,277,B-3K-N150ใหญ่,แบตเตอรี่ 3K N150 ใหญ่
151,278,T2657016D840BS00,ยางนอก BS 265 / 70-16 D840
152,284,TOYOTA GEAR OIL,น้ำมันเกียร์ 
153,287,SCOOLANT,น้ำยา Cooland gallon
154,292,15W40TOTAL,น้ำมันเครื่อง 15W40 TOTAL 6ลิตร/1แกลลอน
155,301,TOTAL10W30,น้ำมันเครื่อง 10W-30 TOTAL(7ล.)
156,306,85W140VALVOLINEHPGEA,น้ำมันเกียร์
157,309,S555NS00CK 3653111G2,สายเบรคมือเส้นหน้า
158,310,S-IDLER ARM-01,กล้องยา
159,311,S555ZZZZB HUB-A33 F,ดุมล้อหน้า-ขวา 
160,312,SBEARING-01,ลูกปืนล้อหน้า นอก-ใน
161,313,SSEAL-FL,ซีลล้อหน้า-ขวา
162,314,S-GREASE-01,จารบี
163,316,S555TY00TT 479103530,เซฟตี้วาล์วเบรคหลัง
164,327,S-ARM BUSHING-05,บูชปีกนกบน
165,328,SZZZ-05-06,ยางกันโคลง-หน้า
166,329,S-STABILITZER-06,ยางหนวดกุ้ง
167,330,S-CYLINDER-01,กระบอกเบรคหลัง
168,333,S-TIMING BELT-01,สายพานราวลิ้น
169,334,S-TIMING BELT-05,ลูกรอกสายพานราวลิ้น
170,335,S-BELT-02,สายพานเครื่อง
171,338,B-GS-GT120L,แบตเตอรี่ GS G120L
172,339,B-GS-G120L,แบตเตอรี่ GS G120R
173,340,S-LAMP-07,ขั้วแบต
174,341,"S555ZZZZสายรัด 10""",สายพ่วงแบตเตอรี่
175,350,SBEARING-FL,เปลี่ยนลูกปืนล้อหน้า-ซ้าย
176,352,SBREAKPAD-08,เปลี่ยนชุดซ่อมดิสเบรคหน้า
177,354,SRBINS41121-09W10,เปลี่ยนลูกสูบดิสเบรคหน้า
178,363,S555NS0091-0031,เปลี่ยนยางฝาวาวล์ 
179,364,S-GLUE-01,กาวดำ
180,366,M-08-04-0006,เปลี่ยนประเก็นฝาสูบ
181,367,S-SEAL-06,เปลี่ยนซีลเบ้าแป๊ปหัวฉีด
182,368,S-SEAL-01,เปลี่ยนซีลเบ้าหัวฉีด
183,372,T2156515L627BS,ยางนอก BS 215/65-15 L627
184,375,T2156515MY02,ยางนอก BS 215/65-15 MY02
185,380,VALVOLINE 85W90,น้ำมันเกียร์
186,393,T2656517D68412BS00,ยางนอก BS 265 / 65-17 D684
187,395,T20514L677BS00,ยางนอก BS 205 -14 L677
188,398,B-3K-NS100,แบตเตอรี่ 3K N100 (ลูกยาว)
189,403,S555ZZZZZZZZ-909-1,เปลี่ยนแหวนรองหัวฉีด
190,405,S-BELT-04,สายพานไดร์ชาร์ต
191,409,ล-002,น้ำมันคอม
192,411,SWIPER-BLADE-03,มอเตอร์ 2 แกน
193,415,S-005,ไดร์เออร์มีสวิท
194,420,S-ARM BUSHING-01,บูชปีกนกล่าง
195,422,S-BOUND BUMPER-01,ยางกันกระแทกปีกนกล่าง
196,423,S-TIE ROD END-02,คันชักใน -ซ้าย
197,425,SBEARING CENTER-01,ยอยเพลากลาง
198,426,SBEARING CENTER-03,ยอยกากบาท
199,429,S-SHOCK-F-00,โช้คหน้า
200,430,SRBITY48680-14010,เบ้าโช้คหน้า
201,436,B-GS-G,แบตเตอรี่ GS  MFX200
202,439,CASTROL4T,น้ำมันเครื่อง CASTROL 4T
203,459,S-LAMP-01,หลอดไฟเบรคหลังซ้าย
204,463,T2357517.5OPOLLO,ยางนอก OPOLLO 235/75-17.5
205,464,M-03-01,ถอดใส่ยาง
206,466,M-01-01-01014,จุ๊บเติมลม
207,467,T60065014BS00,ยางใน
208,472,B-GS-EXTRA150,แบตเตอรี่ GS EXTRA150
209,479,T2057015R611BS00,ยางนอก BS 205/70-15 R611
210,496,S555NS00CK 3067001A0,สายกลาง
211,500,T2155517EP300,ยางนอก BS 215/55-17 EP300
212,507,B-GS-EXTRA120L,แบตเตอรี่ GS EXTRA120L
213,509,S-STABILIZER-01,ลูกหมากกันโคลง
214,514,S555FD00555 SP-1720,ขาไก่ 
215,517,SRBIMDB45934158K,สกรูกันโคลง-หน้า
216,518,SCOOLANT-03,หม้อน้ำ
217,520,S-HOSE 01,ท่อน้ำบน
218,521,S-HOSE 02,ท่อน้ำล่าง
219,523,S-SHOCK-R-00,โช้คหลัง
220,527,S-SHOCK-11,บูชกันเลี้ยว
221,542,B-GS-N150,แบตเตอรี่ GS N150  ลูกยาว
222,547,S555TY0050-5091,ซีลคอม
223,553,S555ZZZZSC SC-80123R,ลูกยางรองมอเตอร์
224,554,ร-001,ริสแต้นหลัง
225,555,SZZ-04,สวิท 5 ขา
226,559,MAX-WHEEL-16,น๊อตเซ็นทรัลล๊อค
227,572,T2656517EP850BS00,ยางนอก BS 265 / 65-17 Ecopia EP850
228,579,MOBIL 15W40,น้ำมันเครื่อง Mobil 15w40 6ลิตร/1แกลลอน
229,581,S555TY00CK 444102624,สายเพาเวอร์
230,586,S-BELT-03,สายพานเพาเวอร์
231,599,S555ZZZZFAN-720,ใบพัดลม
232,602,SRBINS11220-Y4400,แท่นเครื่อง
233,603,SRBINS11320-U2010,แท่นเกียร์
234,612,S-SHOCK-01,ยางหูโช้คหน้า
235,634,SBREAKPAD-09,ผ้าเบรคหลัง
236,635,M-05-01-0002,เจียรจานประชิดล้อหลัง ขวา-ซ้าย
237,638,T2156516R624BS00,ยางนอก BS 215/65-16 R624
238,641,T2157016R611BS00,ยางนอก BS 215 / 70 -16 R611
239,648,S555ZZZZZZZZ-80,เปลี่ยนหัวฉีด
240,668,SBEARING-FR,ลูกปืนล้อหน้า-ขวา
241,675,T2557016AT20DL00,ยางนอก DUNLOP 255 /70 -16 AT20
242,692,S-CLUTCH-05,ยางกันฝุ่นก้ามปูครัช
243,694,M-02-01-0005,สลับยางหน้า-หลัง
244,697,T1855516EP300,ยางนอก BS 185/55-16 EP300
245,707,B-GS-N120,แบตเตอรี่ GS N120   ลูกยาว
246,726,14-10-02-001,ตัวดึงฝากระโปรง
247,728,S555BM0062-2490,จานเบรคหน้า
248,730,SRBIHD45216-SM4-A01,ลูกสูบดิสเบรคหน้า
249,738,Sแม่ปั๊มเบรค,แม่ปั๊มเบรค
250,740,S555IS00CKT 894437-1,ท่อไอดีเล็ก
251,788,15W40DELVACMOBIL,น้ำมันเครื่อง MOBIL 15W40 6ลิตร/1แกลลอน
252,806,S-AIR HOSE-01,ท่อเทอร์โบ
253,807,SRBIPEท่อยางหายใจ,ท่อหายใจ
254,826,SZZZ-05-07,ยางกันโคลง-หลัง
255,842,14-10-09-01,เข็มขัดรัด
256,851,เจียรไฟวิน,ฟลายวิน
257,857,S555MS0083 BS-11,สายพ่วงแบตเตอรี่
258,871,B-3K-DIN75,แบตเตอรี่ 3K DIN75
259,884,S555NS0062-7211,แผงบังลมหม้อน้ำตัวล่าง
260,885,S555TY00ฝกป TIGER,ฝาคอน้ำ
261,890,TOTAL DESEL,น้ำมันเครื่อง 10W-40 TOTAL DESEL  6ลิตร/1แกลอน
262,891,15W40MOBIL,น้ำมันเครื่อง 15W40 MOBIL 6ลิตร/1แกลอน
263,911,S-SPARK-PLUES-04,ยางรองน็อตฝาวาวล์
264,914,MC-424443T,ท่อยางใต้เทอร์โบ
265,927,B-3K-VDS100L,แบตเตอรี่ 3K VDS100L
266,934,TOYOTAGEAR,น้ำมันเกียร์ TOYOTA
267,962,S000123,ยางขอบประตู หน้า-หลัง ซ้าย-ขวา
268,972,S555IS00I/S 50-004,ซีลคอม
269,973,S555ZZZZSC SC-80433R,ลูกยางคอคอม
270,985,S555IS0051-40101,ซีลเดือยหมู
271,995,S555IS0080-113,สายเบรคมือหลังซ้าย-ขวา
272,998,S555NS00CKT NO000004,สายตูดไดร์
273,1000,S555ORINN00,ยางโอริงฝาปั้มโซล่า
274,1007,S555MS00มู่เล่ 4M40,มู่เล่ย์หน้าเครื่อง
275,1011,SRBIMP-01,ยางหูโช้คหลัง
276,1012,S555NS0061-4064,น๊อตก้นแทงค์
277,1015,S555HD0062-031.51,สลักดิสเบรค
278,1019,S-UP BALL JOINT-02,น๊อตคอชั่นบาร์
279,1020,S555NS0011-233,คันส่งกลาง
280,1021,S-SHOCK-07,บูชยางหูแหนบหน้า
281,1050,S555ZZZZฟ ORH412V100,หลอดวาวล์
282,1052,S555NS00กปพ BIG-M,กระป๋องพักน้ำ
283,1073,T2057015LT37DL,ยางนอก DL 205/70-15 LT37
284,1093,S-SPARK-PLUGS-05,ยางรองเบ้าฝาวาว์ล
285,1094,S555HD0091-0004,ยางรองฝาวาวล์
286,1098,S-TIMING BELT-03,ลูกรอกตัวตั้งสายพาน
287,1100,P-EATER,ล้างเครื่อง
288,1104,B-3K-NS120,แบตเตอรี่ 3K N120   ลูกยาว
289,1108,S555TY0011-11138,แร๊กซ์ทั้งราว
290,1109,S-SHOCK DUST COVER01,ยางรัดแร็ค
291,1125,S555IS0011-137,คันเกียร์
292,1140,S555NS0011-20002,แล็คเพาเวอร์
293,1142,SBEARING CANTER-03,ตัวปั่นเพาเวอร์
294,1145,S555ZZZZลูกลอย BDI,ชุดลูกลอยในถัง
295,1155,SWIPER-BLADE-04,ยางปัดน้ำฝนหลัง
296,1206,S555ZZZ42-407,กิ๊ปล๊อคเหล็กค้ำฝากระโปรง
297,1208,T2156516EP850,ยางนอก BS 215/65-16 EP850
298,1213,TOTAL10W40,น้ำมันเครื่อง 10W-40 TOTAL
299,1225,B-3K-VS60L,แบตเตอรี่ 3K VS60L
300,1267,S555MS0045-231,เปลี่ยนชุดแป๊บน้ำมันไหลกลับ
301,1282,PERTAMINA10R30,"น้ำมันเครื่อง 10W30 PERTAMINA  10,000โล"
302,1310,T2457016D840BS00,ยางนอก BS 245 / 70-16 D840
303,1313,T2156016NT860NT,ยางนอก NT 215/60-16 NT860
304,1314,T2254517NT860,ยางนอก NT 225/45-17 NT860
305,1316,T185651490HNT,ยางนอก NT 185/65-14 90H 860 TL RD
306,1317,T195501586VNT,ยางนอก NT 195/50-15 86V TLY GSS MT1X
307,1318,T185651588VNT,ยางนอก NT 185/65-15 88V 860 TL
308,1319,T225451794WNT,ยางนอก NT 225/45-17 94W 860 TLY GSS MT1X
309,1320,T225501798WNT,ยางนอก NT 225/50-17 98W 860 TLY GSS MT1X
310,1321,T2454518100WNT,ยางนอก NT 245/45-18 100W 860 TL RD
311,1322,T1956015KH17KUMHO00,ยางนอก KUMHO 195/60-15 KH17
312,1323,T1956515KH17KUMHO,ยางนอก KUMHO 195/65-15 KH17
313,1325,T1955515TOYOPXT1R85V,ยางนอก 195/55-15 TOYO PXT1R 85V
314,1326,T195651591VNT,ยางนอก NT 195/65-15 91V PXC1S TLZSS CL1Z
315,1327,T205601692WNT,ยางนอก NT 205/60-15 92W PXC1S TLZSS CL1Z
316,1328,T215601695WNT,ยางนอก NT 215/60-16 95W PXC1S TLZKSS QB1Z
317,1329,T215551798WNT,ยางนอก NT 215/55-17 98W PXC1S TLZSS CN1Z
318,1330,T2154517TOYO,ยางนอก TOYO 215/45-17
319,1331,T2055516TOYO00,ยางนอก TOYO 205/55-16
320,1332,T1956515TOYO,ยางนอก TOYO 195/65-15
321,1333,T19550T1TOYO,ยางนอก TOYO 195/50-15
322,1335,T1856514KH17KUMHO,ยางนอก KUMHO 185/60-14 KH17
323,1336,T1955015PS31KH,ยางนอก KH 195/50-15 PS31
324,1337,T1955515PS31KH,ยางนอก KH 195/55-15 PS31
325,1339,T1955015MT2,ยางนอก TOYO 215/50-15 MT2
326,1340,T1955015QB1XTOYO,ยางนอก TOYO 195/50-15 QB1X
327,1341,T2655020MT1XTOYO,195-55R15 85V PXT1R TLY GSS QB1X TOYO
328,1346,T2354518PS31KH,ยางนอก KH 235/45-18 PS31
329,1349,T2355018PS31KH,ยางนอก KH 235/50-18 PS31
330,1350,T1955515QB1XTOYO,ยางนอก TOYO 195/55-15 PXT2
331,1355,T195501582VNT,ยางนอก NT 195/50-15 82V TYDRB TLY GSS MT2X
332,1356,T215451791WNT,ยางนอก NT 215/45-17 91W 860 TLY GSS MT2X
333,1357,T195551585V860NT,ยางนอก NT 195/55-15 85V 860 TLZ GSS MT1X
334,1360,T195551585VNT,ยางนอก TOYO 195/55-15 85V TYDRB TLY GSS MT2X
335,1361,T2155017PS31KH,ยางนอก KH 215/50-17 KH27
336,1365,T2055016PS31KUMHO,ยางนอก KUMHO 205/50-16 PS31
337,1366,T2457016NIGHTNT00,ยางนอก NT 245/70-16  NIGHNT
338,1370,T245401897WNT,ยางนอก NT 245/35-20
339,1382,T1955515MT2TOYO,ยางนอก TOYO 195/55-15 MT1X
340,1389,T2054516PS31KH,ยางนอก KH 205/45-16 KU23
341,1393,T2054017DRBTOYO00,ยางนอก TOYO 205/40-17 DRB
342,1394,T2055516PXCF2TOYO00,ยางนอก TOYO 205/55-16 PXCF2
343,1395,T1856015PXCF2TOYO,ยางนอก TOYO 185/60-15 PXCF2
344,1397,T2557015OPAT2TOYO00,ยางนอก TOYO 255/70-15 OPAT2
345,1398,T2657516TOYO,ยางนอก TOYO 265/75-16 OPAT2
346,1399,T2657016OPAT2TOYO00,ยางนอก TOYO 265/70-16 OPAT2
347,1400,T2055516PXC1S,ยางนอก TOYO 205/55-16 PXC1S
348,1401,T2454018PXC1S,ยางนอก TOYO 245/40-18 PXC1S
349,1402,T2653518PXC1S,ยาองนอก TOYO 265/35-18 PXC1S
350,1403,T2254517PXCF2,ยางนอก TOYO 225/45-17 PXCF2
351,1404,T2655020PXST3TOYO,ยางนอก TOYO 265/50-20 PXST3
352,1405,T2657016NTGHTNT00,ยางนอก NT 265/70-16 112H NTGHT
353,1406,T1956515NT860NT00,ยางนอก NT 195/65-15 NT860
354,1407,T2457016NTGHTNT,ยางนอก NT 245/70-16 NTGHT
355,1408,T2154517PS71,ยางนอก KH 215/45-17 PS71
356,1409,T2753518PS31KM,ยางนอก KUMHO 275/35-18 PS31
357,1410,T2455018PS31,ยางนอก KM 245/50-18 PS31
358,1411,T1956515KH27KUMHO,ยางนอก KH195/65-15 KH27
359,1412,T1956015KH27KUMHO,ยางนอก KH 195/60-15 KH27
360,1413,T2255018TAMP,ยางนอก TOYO 225/50-18 TAMP
361,1414,T2155517TAMP,ยางนอก TOYO 215/55-17 TAMP
362,1415,T2154517MT2X,ยางนอก TOYO 215/45-17 MT2X
363,1417,T1855516PXCF2,ยางนอก TOYO 185/55-16 PXCF2
364,1418,SERVICE001,ส่งเสริมการขาย 0%
365,1419,TAX,หัก ณ ที่จ่าย 3%
366,1421,T2656018KL12KUMHO00,ยางนอก KUMHO 265/60-18 KL12
367,1422,T2255517NT850NT,ยางนอก NT 225/55-17 NT850
368,1425,T2656517OPUTTOYOTA00,ยางนอก TOYO 265/65-17 OPUT
369,1426,T2354018PXC1S,ยางนอก TOYO 235/40-18 PXC1S
370,1427,T2154517PXC1S,ยางนอก TOYO 215/45-17 PXC1S
371,1428,T2254018PXC1S,ยางนอก TOYO 225/40-18 PXC1S
372,1431,T2454019PXT1RTOYO,ยางนอก TOYO 245/40-19 PXT1R
373,1432,T19550155G2A,ยางนอก NT 195/50-15 5G2A
374,1433,T19555155G2A,ยางนอก NT 195/55-15 5G2A
375,1434,T2354018NT860NT,ยางนอก NT 235/40-18 NT860
376,1435,T2553518NT860NT,ยางนอก NT 255/35-18 NT860
377,1436,T2256018NT421,ยางนอก NT 225/60-18 NT421
378,1439,T2657016MT2,ยางนอก 265/70-16 MT2
379,1440,T2556517MT1,ยางนอก TOYO 255/65-17 MT1
380,1441,T2656517MT2,ยางนอก TOYO 265/65-17 MT2
381,1444,T2656517OPUTTOYO,ยางนอก TOYO 265/65-17 OPAT2
382,1445,T2656018TLWSS1X,ยางนอก TOYO 265/60-18  ST3
383,1446,T2655020ST3,ยางนอก TOYO 265/50-20 ST3
384,1447,T2155517PXC1S,ยางนอก TOYO 215/55-17 PXC1S
385,1449,T2453520PXC1S,ยางนอก TOYO 245/35-20 PXC1S
386,1451,T2154517NT830NT,ยางนอก NT 215/45-17 NT830
387,1452,T2155517NT830NT,ยางนอก  NT 215/55-17 NT830
388,1453,T2656517NTGHT,ยางนอก 265/65-17 NTGHT
389,1458,T2457016OPUT MT1X,ยางนอก TOYO 245/70-16 OPUT MT1X
390,1465,T1955015DRBTOYO,ยางนอก TOYO 195/50-15 DRB
391,1466,T1955515DRBTOYO,ยางนอก TOYO 195/55-15 DRB
392,1467,T2355518OPUT,ยางนอก TOYO 235/55-18 OPUT
393,1468,T2356017OPUTTOYO,ยางนอก TOYO 235/60-17 OPUT
394,1469,T2656517OPHTTOYO,ยางนอก TOYO 265/65-17 OPHT
395,1470,T2656018OPHT,ยางนอก TOYO  265/60-18 OPHT
396,1471,T2156516TYH20TOYO,ยางนอก TOYO 215/65-16 TYH20
397,1472,T1955015NT860NT,ยางนอก NT 195/50-15 NT860
398,1473,T1955515NT860NT,ยางรถยนต์ NT 195/55-15 NT860
399,1474,T2054517NT860NT00,ยางนอก NT 205/45-17 NT860
400,1477,T2156515PXC1S,ยางรถยนต์ TOYO 215/65-15 PXC1S
401,1481,T2156516TYH20,ยางนอก 215/65-16 TYH20
402,1482,T1956015PXCF2TOYO,ยางนอก TOYO 195/60-15 PXCF2
403,1484,T1955016PXCF2,ยางนอก 195/50-16 PXCF2
404,1485,T1955516PXCF2,ยางนอก TOYO 195/55-16 PXCF2
405,1487,T1856514PXCF2TOYO,ยางนอก TOYO 185/65-14 PXCF2
406,1491,T2556517OPUT,ยางนอก TOYO 255/65-17 OPUT
407,1492,T2155017MT2X,ยางนอก TOYO 215/50-17 MT2X
408,1494,T1955515MT2X,ยางนอก TOYO 195/55-15 MT2X
409,1497,T18565-14CF2TOYO,ยางนอก TOYO 185/65-14 PXCF2
410,1498,T2355019PXTSS,ยางนอก TOYO 235/50-19 PXTSS
411,1501,T2156016PXC1STOYO,ยางนอก TOYO 215/60-16 PXC1S
412,1504,T2555518NT420NT,ยางนอก NT 255/55-18 NT420
413,1505,B-3K-VS80L,แบตเตอรี่ 3K VS80L:รถยนต์ 80D26L
414,1507,B-3K-N150LM,แบตเตอรี่ 3K N150LM
415,1508,B-3K-HB46L,แบตเตอรี่ 3K HYBRID HB46L
416,1509,B-3K-HB46R,แบตเตอรี่ 3K HYBRID HB46R
417,1510,B-3K-HB80L,แบตเตอรี่ 3K HYBRID HB80L
418,1515,B-3K-HB80R,แบตเตอรี่ 3K HYBRID HB80R
419,1525,B-3K-HB145R,แบตเตอรี่ 3K  HYBRID HB145R
420,1526,B-3K-VS60R,แบตเตอรี่ 3K VDS65R
421,1536,B-3K-N100LM,แบตเตอรี่ 3K N100LM
422,1538,B-3K-40B19L,แบตเตอรี่ 3K 40B19L
423,1542,B-3K-VS120R,แบตเตอรี่ 3K VS120R:รถยนต์ 95D31R
424,1550,B-3K-HB145L,แบตเตอรี่ 3K HYBRID HB145L
425,1558,B-3K-95D31L,แบตเตอรี่ 3K 95D31L
426,1563,B-3K-N120LM,แบตเตอรี่ 3K N120 LM
427,1567,B-3K-46B24L,แบตเตอรี่ 3K 46B24L
428,1568,B-3K-44B19L,แบตเตอรี่ 3K 44B19L
429,1570,B-3K-VDS75R,แบตเตอรี่ LN3-57413
430,1572,B-3K-80D26L,แบตเตอรี่ 3K 80D26L
431,1576,B-3K-95D31R,แบตเตอรี่ 3K 95D31R
432,1577,B-3K-VS150L,แบตเตอรี่ 3K VS150L:รถยนต์ 150D31L
433,1578,B-3K-ADX95L,แบตเตอรี่ 3K ADX95L
434,1582,B-3K-46B24R,แบตเตอรี่ 3k 46B24R
435,1584,B-3K-VDS75L,แบตเตอรี่ LN3-57412/VDS75L
436,1589,B-3K-HB155L,แบตเตอรี่ 3K HYBRID HB155L
437,1593,B-3K-ADX65L,แบตเตอรี่ 3K ADX65L
438,1594,B-3K-ADX75L,แบตเตอรี่ 3K ADX75L
439,1596,B-3K-80D26R,แบตเตอรี่ 3K 80D26R
440,1599,B-3K-105D31R,แบตเตอรี่ 3K 105D31R
441,1600,B-3K-105D31L,แบตเตอรี่ 3K 105D31L
442,1614,B-3K-HB155R,แบตเตอรี่ 3K HYBRID HB155R
443,1615,B-3K-VS75,แบตเตอรี่ 3K VDS75
444,1617,B-3K-ADX70L,แบตเตอรี่ 3K ADX70L
445,1618,B-3K-135D31L,แบตเตอรี่ 3K 135D31L-ADX3000L
446,1619,B-3K-135D31R,แบตเตอรี่ 3K 135D31R-ADX3000R
447,1623,B-3K-VDS65L,แบตเตอรี่ 3K VDS65L
448,1637,B-3K-58590,แบตเตอรี่ 3K 58590 ADX4L
449,1638,B-3K-57113,แบตเตอรี่ 3K 57113 ADXB3L
450,1640,B-3K-75D23L,แบตเตอรี่ 3K ADX75L
451,1648,B-3K-ADX95R,แบตเตอรี่ 3K ADX95R
452,1653,B-3K-N50ZL,แบตเตอรี่ 3K N50ZL
453,1657,B-3K-ADXB3L,แบตเตอรี่ 3K ADXB3L
454,1658,B-3K-ADX3000L,แบตเตอรี่ 3K ADX3000L
455,1659,B-3K-ADX3000R,แบตเตอรี่ 3K ADX3000R
456,1663,B-3K-VS40L,แบตเตอรี่ 3K VS40L:รถยนต์ 44B19L
457,1666,B-3K-ADX60L,แบตเตอรี่ 3K ADX60L
458,1684,B-3K-ADX70R,แบตเตอรี่ 3K ADX70R
459,1693,B-3K-VDS65R,แบตเตอรี่ 3K VDS65R
460,1694,B-3K-ADX2500L,แบตเตอรี่ 3K ADX2500L
461,1695,B-3K-ADX2500R,แบตเตอรี่ 3K ADX2500R
462,1701,B-3K-DIN65,แบตเตอรี่ 3k DIN65
463,1711,B-3K-VS120L,แบตเตอรี่ 3K VS120L:รถยนต์ 95D31L
464,1713,B-3K-ADX4L,แบตเตอรี่ 3K ADX4L
465,1728,T2357015G015,ยางนอก YK 235/70-15 G015
466,1730,T2357515G056YK,ยางนอก YK 235/75-15 G056
467,1732,T309.515G015,ยางนอก YK 30X9.5-15 G015
468,1734,T2156016AE50YK00,ยางนอก YK 215/60-16 AE50
469,1735,T2255017AE50YK,ยางนอก YK 225/50-17 AE50
470,1737,T1856015E70JYK00,ยางนอก YK 185/60-15 E70J
471,1738,T2055516AA01YK,ยางนอก YK 205/55-16 AA01
472,1739,T2157016G055,ยางนอก YK 215/70-16 G055
473,1740,T2157015G056YK,ยางนอก YK 215/70-15 G056
474,1741,T2656517G012YK,ยางนอก YK 265/65-17 G015
475,1743,T2256517G055YK,ยางนอก YK 225/65-17 G055
476,1745,T2256018G055YK,ยางนอก YK 225/60-18 G055
477,1747,T2457016G056YK,ยางนอก YK 245/70-16 G056
478,1750,T2356018G055YK00,ยางนอก YK 235/60-18 G055
479,1752,T3110.515G015,ยางนอก YK 31X10.5-15 G015
480,1754,T2655020PARADAGY00,ยางนอก YK 265/50-20 PARADA
481,1758,T2453520AE50,ยางนอก YK 245/35-20 AE50
482,1760,T2453519AE50,ยางนอก YK 245/35-19 AE50
483,1762,T2753019AE50,ยางนอก YK 275/30-19 AE50
484,1764,T2254518AE50,ยางนอก YK 225/45-18 AE50
485,1766,T1955515AE50,ยางนอก YK 195/55-15 AE50
486,1770,T2554520PA02YK,ยางนอก YK 255/45-20 PA02
487,1772,T2557015G056YK,ยางนอก YK 255/70-15 G056
488,1774,T2257015G015,ยางนอก YK 225/70-15 G015
489,1784,T2657016G056YK,ยางนอก YK 265/70-16 G056
490,1786,T2656018G056YK,ยางนอก YK 265/60-18 G056
491,1788,T2657516G015,ยางนอก YK 265/75-16 G015
492,1790,T2054517AE50,ยางนอก YK 205/45-17 AE50
493,1796,T2657017G056YK,ยางนอก YK 265/70-17 G056
494,1797,T2356017G055YK,ยางนอก YK 235/60-17 G055
495,1802,T2553519AE50,ยางนอก YK 255/35-19 AE50
496,1803,T2155017AE50,ยางนอก YK 215/50-17 AE50
497,1804,T1956015AE50YK00,ยางนอก YK 195/60-15 AE50
498,1805,T2154517AE50,ยางรถยนต์ 215/45-17 AE50 / YK
499,1806,T1856015AE50,ยางนอก YK 185/60-15 AE50
500,1807,T1856514AE50,ยางนอก YK 185/65-14 AE50
501,1810,T2354518AE50,ยางนอก YK 235/45-18 AE50
502,1813,T1756514AE50,ยางนอก YK 175/65-14 AE50
503,1815,T1956515AE50YK00,ยางนอก YK 195/65-15 AE50
504,1816,T2055516AE50,ยางนอก YK 205/55-16 AE50
505,1817,T2056016AE50,ยางนอก YK 205/60-16 AE50
506,1818,T2254018AE50,ยางนอก YK 225/40-18 AE50
507,1819,T2254519AE50,ยางนอก YK 225/45-19 AE50
508,1820,T2454018AE50,ยางนอก YK 245/40-18 AE50
509,1821,T2655020PA02,ยางนอก YK 265/50-20 PA02
510,1827,T1855515AE50YK,ยางนอก YK 185/55-15 AE50
511,1828,T2655020G055YK,ยางนอก YK 265/50-20 G055
512,1832,T2455020102VG055,ยางนอก Yokohama 245/50-20 102V G055
513,1861,T2055517AE50YK,ยางนอก YK 205/55-17 AE50
514,1871,T2657016G056,ยางนอกYK 265/70-16 G056
515,1880,T1756515E50JA,ยางนอก YK 175/65-15 E50 JA
516,1884,T2057015RY53BYK,ยางนอก YK 205/70-15 RY53B
517,1887,T2354018AE50YK,ยางนอก YK 235/40-18 AE50
518,1888,T2553518AE50YK,ยางนอก YK 255/35-18 AE50
519,1889,T8251614PROTANI00,ยางนอก OTANI 825-16 14PR
520,1891,T9002014OTANI00,ยางใน OTANI 900-20/14
521,1901,T21515XCDML,ยางนอก ML 215/15 XCD
522,1910,T2255017PRIML00,ยางนอก มิชลิน 225 /50 -17 PRIMACY 3 ST
523,1911,T1956515PRI3ML00,ยางนอก มิชลิน 195 /65 -15 PRIMACY 3 ST
524,1912,T2057514XCDML00,ยางนอก มิชลิน 205 /75 -14 XCD2
525,1913,T2157514XCD2,ยางนอกมิชลิน 215/75-14 XCD2
526,1914,T2257515XCD2,ยางนอก ML 225/75-15 XCD2
527,1916,T1756515XM1,ยางนอก Michelin175/65-15 XM1
528,1917,T1956015PRI3ML00,ยางนอก มิชลิน 195 /60 -15 PRIMACY  3
529,1918,T2355517PRI3ML00,ยางนอก มิชลิน 235 /55 -17 PRIMACY 3 ST
530,1920,T1956015XM2ML00,ยางนอก มิชลิน 195 /60 -15 XM2
531,1921,T1856015XM2ML00,ยางนอก มิชลิน 185 /60 -15 XM2 
532,1923,M-01-01-RR,ปะสติมยางหลัง ขวา
533,1925,T2355018KC2000OTANI,ยางนอก OTANI 235/50-18 KC2000
534,1927,T2155517PRI3ML00,ยางนอก มิชลิน 215 /55 -17 PRIMACY 3 ST
535,1928,T2155517SA07WL,ยางนอก WL 215/55-17 SA07
536,1929,T2157015AGLML00,ยางนอก มิชลิน 215 /70 -15 AGI LIS
537,1930,T2154517PS4,ยางนอก ML 215/45-17 PS4
538,1934,T2257514XCD2ML00,ยางนอก ML 225/75-14 XCD2
539,1939,T2354518PS4ML,ยางนอก ML 235/45-18 Pilot Sport 4
540,1941,T1955515PILSP3ML00,ยางนอก มิชลิน 195 /55 -15 PILOT SPORT3
541,1942,T2255017PPRIMACY4,ยางนอก ML 225/50-17 Primacy4
542,1943,T2155017PRIMACY4,ยางนอก ML 215/55-17 Primacy4
543,1944,T2155517PRIML00,ยางนอก มิชลิน 215 /55 -17 PRIMACY  4
544,1950,T2057015AGLML00,ยางนอก มิชลิน 205 /70 -15 AGI LIS
545,1951,T1956515EK1000,ยางนอก OTANI 195/65-15EK1000
546,1953,T2055516PRIHPML00,ยางนอก มิชลิน 205 /55 -16 PRIHPMACY 4
547,1960,T2155017PRIML00,ยางนอก มิชลิน 215 /50 -17 PRIMACY 4
548,1964,T2156516AGLISML,ยางนอก ML 215/65-16 AGLIS
549,1965,52-00-00-00,ค่าใช้จ่ายในการขาย คูปองมูลค่า 300 บาท
550,1966,T2157016AGLML00,ยางนอก มิชลิน 215 /70 -16 AGI LIS
551,1968,T2055516PRIML00,ยางนอก มิชลิน 205 /55 -16 PRIMACY 4
552,1970,T1855516XM2ML00,ยางนอก มิชลิน 185 /55 -16 XM2 
553,1975,T1956515PRIML00,ยางนอก มิชลิน 195 /65 -15 PRIMACY4
554,1979,T2157015MK2000OTANI,ยางนอก OTANI 215/70-15 MK2000
555,1983,T2054517PS4,ยางรถยนต์ ML 205/45-17 PS4
556,1984,T1557012APOLLO,ยางรถยนต์ APOLLO 155/70-12 AMAZER XL
557,1985,M-01-01-FL,ปะสติมยางหน้า ซ้าย
558,1988,53-04-07-00,ค่าอะไหล่
559,2044,S555TY00TT 426010414,กะทะล้อ MTX
560,2109,T2657516R405DS,ยางนอก DS 265/75-16 R405
561,2110,T2056016ATASSURANCEF,ยางนอก GY 205/60-16 AT Assurance Fuel Max 92H
562,2116,T2655020EFFICEENTGY,ยางนอก GY 265/50-20 EFFICIENT
563,2117,T2657016AT3DL00,ยางนอก DUNLOP 265 /70 -16 AT3
564,2122,53-70-05-00,ค่าใช้จ่ายเบ็ดเตล็ด 
565,2124,T1955015MY02BS00,ยางนอก BS 195  /50 -15 MY02
566,2126,T2056015GR100BS00,ยางนอก BS 205/60-15 GR100
567,2129,T1856015EP300,ยางนอก BS 185/60-15 EP300
568,2131,T2155516EC300DL00,ยางนอก DL 215/55-16 EC300
569,2132,T2255017EP300,ยางนอก BS 225/50-17 EP300
570,2134,T2656517D693BS,ยางนอก BS 265/65-17 D693
571,2140,T1856515EP150BS,ยางนอก BS 185/65-15 EP150
572,2142,T2156516LT37DL00,ยางนอก DUNLOP 215 /65 -16 SPLT37
573,2146,T2556517D840YBS00,ยางนอก BS 255 / 65-17 D840
574,2148,T2657016AT22DL,ยางนอก DL 265/70-16 AT22
575,2149,T2256517PT3DL00,ยางนอก DL 225/65-17 PT3
576,2150,T2254018LM704DL00,ยางนอก DUNLOP 225 /40 -18 LM704
577,2152,T1856515EC300DL00,ยางนอก DL 185/65-15 EC300
578,2153,T1756514SPT1DL00,ยางนอก DL 175/65-14 R1
579,2154,T1955515LM704DL00,ยางนอก DUNLOP 195 /55 -15 LM704
580,2155,T2257015AT3DL00,ยางนอก DUNLOP 225 /70 -15 AT3
581,2156,T1955015LM704DL00,ยางนอก DUNLOP 195 /50 -15 LM704
582,2157,T2055017MY02BS00,ยางนอก BS 205  /50 -17 MY02
583,2158,T1956015SPTR1,ยางนอก DUNLOP 195/60-15 SPR1
584,2159,T2157016LT30,ยางรถยนต์ 215/70-16 LT30 / DL
585,2161,T2157015LT37DL00,ยางนอก DL 215/70-15 LT37
586,2162,T1956515SPT1DL00,ยางนอก DL 195/65-15 SPR1
587,2163,T1856015SPT1DL,ยางนอก DL 185/60-15 SPR1
588,2166,T2055516SPTR1,ยางนอก DUNLOP 205/55-16 SPR1
589,2168,T1955015DT30,ยางนอก BS 195/50-15 DT30
590,2169,T2155517DT30DT00,ยางนอก DT 215/55-17 DT30
591,2171,T1856015EC300DL00,ยางนอก DL 185/60-15 EC300
592,2172,T1856015F01,ยางนอก BS 185/60-15 F01
593,2173,T2055516F01FS00,ยางนอก FS 205/55-16 F01
594,2174,T1856015SP2030DL00,ยางนอก DUNLOP 185 /60 -15 SP2030
595,2175,T1856015SPTR1,ยางนอก DUNLOP 185/60-15 SPR1
596,2176,T2354018DZ102DL00,ยางนอก DL 235/40-18 DZ102
597,2177,T1955515SPTR1,ยางนอก DUNLOP 195/55-15 SPR1
598,2180,T2157015VANGO,ยางรถยนต์ 215/70-15 VANGO / SIAMES
599,2181,T2054517LM704DL00,ยางนอก DUNLOP 205 /45 -17 LM704
600,2182,T2357015TG30DL00,ยางนอก DUNLOP 235 /70 -15 TG30
601,2186,T2155017LM704DL00,ยางนอก DUNLOP 215 /50 -17 LM704
602,2187,T1756515DT30,ยางนอก BS 175/65-15 DT30
603,2189,T2254018DT30BS00,ยางนอก BS 225/40-18 DT30
604,2190,T2254018PS31,ยางนอก KUMHO 225/40-18 PS31
605,2192,T2656018PT3,ยางนอก DL 265/60-18 PT3
606,2195,T1956015R1,ยางนอก DL 195/60-15 R1
607,2196,T2055515DZ102,ยางนอก DL 205/55-15 DZ102
608,2199,T2055516EC300,ยางนอก DL 205/55-16 EC300
609,2200,T1757013T100DL,ยางนอก DL 175/70-13 SPR1
610,2201,T1955515R1DL,ยางนอก DL 195/55-15 R1
611,2202,T2656517AT22DL00,ยางนอก DUNLOP 265 /65 -17 AT22
612,2203,T1856015EP150BS00,ยางนอก BS 185/60-15 EP150
613,2205,T1855516EXCEL,ยางนอก GY 185/55-16 EXCEL
614,2210,T2156016EC300+DL00,ยางนอก DL 215/60-16 EC300
615,2213,T2455018G288,ยางนอก GITI 245/50-18 G288
616,2216,T2254518LM704DL,ยางนอก DL 225/45-18 LM704
617,2217,T1955016DZ102,ยางนอก DL 195/50-16 DZ102
618,2221,T31X10.5R15AT22DL,ยางนอก DL 31x10.5 R15 AT22
619,2223,T1756515TG3GY,ยางนอก GY 175/65-15 GT3
620,2225,T2255017EC300+DL00,ยางนอก DL 225/50-17 EC300
621,2226,T1855516EC300,ยางนอก DL 185/55-16 EC300
622,2228,T1756515GT3GY00,ยางนอก GY 175 /65 -15 GT3
623,2231,T1856015CC6CONTINENT,ยางนอก 185/60-15 CC6/CONTINENTAL
624,2235,T1756514SPTR1,ยางนอก DUNLOP 175/65-14 SPR1
625,2239,T2656018SUV,ยางนอก GY 265/60-18 SUV
626,2240,T1856514EP150BS,ยางนอก BS 185/65-14 EP150
627,2242,T1956015EP300,ยางนอก BS 195/60-15 EP300
628,2244,T2255517DT30BS,ยางนอก BS 225/55-17 DT30
629,2245,T2457016RH12,ยางนอก HK 245/70-16 RH12
630,2246,T2155517EC300DL00,ยางนอก DL 215/55-17 EC300
631,2247,T2155516GR100BS00,ยางนอก BS 215/55-16 GR100
632,2250,T1955515RE003BS00,ยางนอก BS 195/55-15 RE003
633,2251,T19514CV9000FS,ยางนอก FS 195/14 CV9000
634,2252,T2055516SPCRTBS,ยางนอก BS 205/55-16 SPCRT
635,2254,T2256018MAXX050DL00,ยางนอก DL 225/60-18 MAXX050
636,2258,T2054517DT30BS,ยางนอก BS 205/45-17 DT30
637,2262,T2655020PT3DL,ยางนอก DL 265/50-20 PT3
638,2266,T1855516DT30,ยางรถยนต์ 185/55-16 DT30
639,2267,T2054517SPORT01,ยางนอก FS 205/45-17 SPORT01
640,2269,T2156016T005,ยางนอก BS 215/60-16 T005A
641,2270,T2355019K415HK,ยางนอก HK 235/50-19 K415
642,2274,T1955015DZ102DL,ยางนอก DL 195/50-15 DZ102
643,2275,T2656517CTML00,ยางนอก มิชลิน 265 /65 -17 CROSS TERRAIN
644,2277,T2457016RF10,ยางนอก HK 245/70-16 RF10
645,2282,T2054516LM704DL00,ยางนอก DUNLOP 205/45-16 LM704
646,2286,T2654022SAILUN,ยางนอก 265/40-22 ATFE220 SAILUN
647,2301,T2555518R03,ยางนอก  RYDANZ 255/55-18 R03
648,2303,T1656514EP150BS00,ยางนอก BS 165/65-14 EP150
649,2304,T1956016EC300DL,ยางนอก DL 195/60-16 EC300
650,2305,B-PUMA,แบตเตอรี่ Puma
651,2306,T2255017F01FS00,ยางนอก FS 225/50-17 F01
652,2308,T2454518G280GITI,ยางนอก GITI 245/45-18 G280
653,2309,T2155517MY02BS00,ยางนอก BS 215 / 55 -17 MY02
654,2311,T2555518MAX RACING,ยางนอก SUMAX 255/55-18 MAX RACING
655,2314,T2257516R669MS,ยางนอก BS 225/75-16R669
656,2315,T2155517C1STOYO,ยางนอก TOYO 215/55-17 C1S
657,2317,T2656517RF10HK,ยางนอก HK 265/65-17 RF10
658,2320,T1956515DT30,ยางนอก BS 195/65-15 DT30
659,2326,T2355018C1STOYO,ยางนอก TOYO 235/50-18 C1S
660,2328,T2156016EP300,ยางนอก BS 215/60-16 EP300
661,2330,T2454520SUV880,ยางนอก GITI 245/45-50 SUV880
662,2331,T2256517D470BS00,ยางนอก BS 225 / 65-17 D470
663,2334,T19514L677BS00,ยางนอก BS 195 -14 L677
664,2335,T2056516T005,ยางนอก BS 205/65-16 T005
665,2336,T2257515R669BS00,ยางนอก BS 225/75-15 R669
666,2339,T2656018K02BF,ยางนอก BF 265/60-18 K02
667,2343,T2056016EC300+DL00,ยางนอก DL 205/60-16 EC300
668,2344,T2656517D840BS00,ยางนอก BS 265 / 65-17 D840
669,2346,T2656517PT3DL00,ยางนอก DL 265/65-17 PT3
670,2348,T2357515D697BS00,ยางนอก BS 235 / 75-15 D697
671,2350,T2657016D697BS00,ยางนอก BS 265 / 70-16 D697
672,2352,T1956515R1,ยางนอก DL 195/65-15 R1
673,2359,T1656013IA104,ยางนอก DE 165/60-13 IA-104
674,2373,T1956015RE88BS,ยางนอก BS 195/60-15 RE88
675,2374,T1956515ER300BS00,ยางนอก BS 195  /65 -15 ER300
676,2376,T2656018LATML00,ยางนอก มิชลิน 265 /60 -18 LATITUDE TOUR HP
677,2380,T1856515IA104,ยางนอก DE 185/65-15 IA104
678,2381,T2055516IA104,ยางนอก DE 205/55-16 IA104
679,2383,T2054517IA182,ยากงนอก DE 205/45-17 IA182
680,2384,T2154517IA182,ยางนอก 215/45-17 IA182
681,2385,T2454518IA182,ยางนอก DE 245/45-18 IA182
682,2386,T2457016IA204,ยางนอก DE 245/70-16 IA204
683,2387,T2455018IA182,ยางนอก DE 245/50-18 IA182
684,2388,T2754518IA182,ยางนอก DE 275/45-18 IA182
685,2389,T2457016IA207,ยางนอก DE 245/70-16 IA207
686,2390,T2656018IA207,ยางนอก 265/60-18 IA207
687,2391,T2657016IA207,ยางนอก DE 265/70-16 IA207
688,2392,T278.514KU253,ยางนอก DE 27X8.5 KU253
689,2393,T1855515IA104,ยางนอก DE 185/55-15 IA104
690,2395,T1955015IA104,ยางนอก DE 195/50-14 IA104
691,2396,T1955515IA104DE,ยางนอก DELIUM 195/55-15 IA104
692,2398,T1856015IA110,ยางนอก DE 185/60-15 IA110
693,2399,T1856514IA110,ยางนอก DE 185/65-14 IA110
694,2401,T2354018IA104,ยางนอก DE 235/40-18 IA104
695,2403,T1757013IA110,ยางนอก DE 175/70-13 IA110
696,2408,T2254018IA182,ยางนอก DE 225/40-18 IA182
697,2409,T2354018IA182,ยางนอก DE 235/40-18 IA182
698,2411,T2656517IT203,ยางนอก DE 265/65-17 IT203
699,2414,T2155017IA182,ยางนอก DE 215/50-17 IA182
700,2415,T2155517IA182DE,ยางนอก DELUM 215/55-17 IA182
701,2420,T2156016IA104,ยางนอก DE 215/60-16 IA-104
702,2427,T2255517IA182,ยางนอก DELIUM 225/55-17 IA182
703,2440,T1856514IA-104DELIUN,ยางรถยนต์ 185/65-14 IA-104 / DELIUN
704,2448,S555BR2839ISDM2WD,จานดิสเบรค
705,2480,S-TIMING BELT-02,ลูกรอกสายพาน
706,2488,S555MD0062-242,จานเบรคหน้า-ซ้าย
707,2510,41-00-06-00,เทิร์นแบตเตอรี่เก่า
708,2526,41-00-05-00,เทิร์นยางเก่า
709,2555,M-01-01,ปะสติมยาง
710,2567,S-LAMP-08,กรอบไฟหลัง ขวา
711,2585,S-ARM BUSHING-02,บูชปีกนกล่าง-ใหญ่
712,2748,M-01-01-RL,ปะสติมยางหลัง ซ้าย
713,2758,S555ZZZZASCO DN-065,แผ่นคลัช 
714,2778,S-TIMING BELT-06,ลูกรอกราวลิ้น
715,2787,MOBIL 5W-40,น้ำมันเครื่อง Mobil 5w-40
716,2788,MOBIL 1 0W40,น้ำมันเครื่อง Mobil
717,2789,5W30MOBILSUPER3000,น้ำมันเครื่อง 5w30 MOBIL SUPER 3000
718,2796,5W30PETRONAS,"น้ำมันเครื่อง 5W30 MOBIL 1 10,000 โล"
719,2799,T20516ATSAGY,ยางนอก GY 205/16 AT/SA
720,2800,T1856514F01FS00,ยางนอก FS 185/65-14 F01
721,2801,T1855515EP300,ยางนอก BS 185/55-15 EP300
722,2803,T2554520SV880GITI,ยางนอก GITI 255/45-20 SV880
723,2804,T1956515LM704DL00,ยางนอก DUNLOP 195 /65 -15 LM704
724,2805,T1956515F01FS00,ยางนอก FS 195/65-15 F01
725,2806,T2457016EP850BS,ยางนอก BS 245/70-16 EP850
726,2807,T2054517RE003BS,ยางนอก BS 205/45-17 RE003
727,2809,T2056515DT30DT00,ยางนอก DT 205/65-15 DT30
728,2812,53-20-03-00,วัสดุสิ้นเปลือง-ออฟฟิศ 
729,2813,T2055516EP300,ยางนอก BS 205/55-16 EP300
730,2814,T2657016LE02FS00,ยางนอก FS 265/70-16 LE-02
731,2817,T2657016PT3DL00,ยางนอก DL 265/70-16 PT3
732,2821,T1955016F01FS00,ยางนอก FS 195/50-16 F01
733,2823,T2254518TZ700FS,ยางนอก FS 225/45-18 TZ700
734,2835,T1756515EP300,ยางนอก BS 175/65-15 EP300
735,2837,T2056515F01FS00,ยางนอก FS 205/65-15 F01
736,2840,T2656517RS10HK,ยางนอก HK 265/65-17 RS10
737,2842,T2155517LM704DL00,ยางนอก DUNLOP 215 /55 -17 LM704
738,2844,T2255017T005,ยางนอก BS 225/50-17 T005A
739,2846,T1757014EP150BS,ยางนอก BS 175/70-14 EP150
740,2847,T2457016PT3DL,ยางนอก DL 245/70-16 PT3
741,2852,T2154517RE003BS00,ยางนอก BS 215/45-17 RE003
742,2855,T2655020RA33,ยางนอก HK 265/50-20 RA33
743,2856,T2355018T005,ยางนอก BS 235/50-18 T005
744,2860,T1956515V705,ยางนอก BS 195/65-15 T005A
745,2863,T2656517NTGA2NT00,ยางนอก NT 265/65-17 NIGHT
746,2866,53-20-01-00,ค่าเครื่องเขียนแบบพิมพ์ 
747,2868,T1955016EP300,ยางนอก BS 195/50-16 EP300
748,2869,T124/11-24 มาสเตอร์,ยางใน มาสเตอร์ 12.4/11-24
749,2870,T600148D102DS,ยางนอก DS 600-14/8 D102
750,2871,T10002016ULBS00,ยางนอก BS 1000 -20 / 16 UL
751,2872,T8251616MAXXIS,ยางนอก MAXXIS 825/16 เรเดียล
752,2873,T100020DSTONE,ยางนอก 1000-20/16 DSTONE D201
753,2874,T110020OTANTOH101,ยางนอก ใน รอง OTANI 1100-20 OH101
754,2875,T10002016BS00,ยางนอก BS 1000-20/16 UL
755,2876,TIN82516BS,ยางใน BS เรเดียล 825-16
756,2877,TDS82590020DS,ยางรอง DS 1000/20-16
757,2878,T2055017LM70DL00,ยางนอก DUNLOP 205 /50 -17 LM704
758,2883,T2055516E70JYK,ยางนอก YK 205/55-16 E70J
759,2884,T11R22.5R157BS00,ยางนอก BS 11R22.5 R157
760,2887,T9002014R172BS,ยางนอก BS 900-20 / 14 R172
761,2889,PLAP1000,ยางรอง BS 1000/1100/1200-20
762,2891,T2057015SPLT37DL00,ยางนอก DUNLOP 205 /70-15 SPLT37
763,2892,T1955516MY02BS00,ยางนอก BS 195  /55 -16 MY02
764,2893,T14002414002400,ยางใน มาสเตอร์ 1400R24/1400-24
765,2894,T90020D204DS00,ยางนอก DS 900-20 D204
766,2895,T11002016D201DS00,ยางนอก DS 1100-20/16 D201
767,2897,T10002016D201DS,ยางนอก DS 1000-20/16 D201
768,2898,T1122.5R157BS00,ยางนอก BS 11R22.5 R157
769,2900,T100020MASTER00,ยางใน MASTER 600-14
770,2901,T70075082516BS00,ยางรอง BS 700/750/825-16
771,2909,T700750812516BS,ยางรอง BS 700/750/825-16
772,2910,T2056016EP200BS00,ยางนอก BS 205  /60 -16 Ecopia EP200
773,2912,TIN90020,ยางใน BS 900-20
774,2913,T1956515ASSURGY00,ยางนอก GY 195/65-15 ASSUR
775,2914,T1855515EP200BS00,ยางนอก BS 185 /55 -15 Ecopia EP200
776,2915,T2356017EP850BS00,ยางนอก BS 235/60-17 EP850
777,2920,T12.58018,ยางใน 12.5-80-18
778,2921,T19514R401,ยางนอก DS 195-14 R401
779,2922,WHEEL-04,ล้อกะทะ ATW
780,2923,T1856015FS100,ยางนอก FS 185/60-15 FS100
781,2927,T2356017MA707,ยางนอก MA 235/60-17 MA707
782,2928,T2657516MT764BS00,ยางนอก BS 265/75-16 MT-764
783,2929,T2553518RE003BS,ยางนอก BS 255/35-18 RE003
784,2931,T2056515SPR1DL,ยางนอก DL 205/65-15 SPR1
785,2936,T64014,ยางใน MT 640/670-14
786,2937,T10.58018,ยางใน 10.5/80-18
787,2938,T2656018EP850BS00,ยางนอก BS 265/60-18 EP850
788,2939,T7001515D102DS00,ยางนอก DS 700-15/12 D102
789,2940,T65070015BS00,ยางใน 650/700-15
790,2941,T70075081582515DS00,ยางรอง  700/750-15
791,2942,T9002014HM,ยางนอก BS 900-20/14 R156
792,2943,T90020,ยางใน BS 900-20
793,2944,T900100020MAXXIS00,ยางรอง BS 900/1000-20 เรเดียล
794,2945,T8251614MRBS00,ยางนอก BS 825-16 / 14 MR
795,2946,T82520,ยางใน BS 825-16
796,2948,T20516D8400BS00,ยางนอก BS 205 -16 D840
797,2950,T1855516FS100,ยางนอก FS 185/55-16 FS100
798,2951,T140024มาสเตอร์,ยางใน 1400-24 มาสเตอร์
799,2952,T2653518ZERO,ยางนอก PIRELLI 265/35-18 ZERO
800,2953,T2056016GR100BS00,ยางนอก BS 205/60-16 GR-100
801,2956,TBS90020,ยางรอง BS 900-20
802,2957,T7501612MRBS00,ยางนอก BS 750-16 / 12 MR
803,2958,T75016 BS,ยางรอง BS 750-16
804,2960,T1855515XM2ML00,ยางนอก มิชลิน 185 /55 -15 ENERGY XM2 M1
805,2962,T2156515MA579MA00,ยางนอก MA 215/65-15 MA579
806,2963,T1956015MAP3,ยางนอก MS 195/60-15 MAP3
807,2964,T7001612MRBS00,ยางนอก BS 700-16 / 12 MR
808,2966,T75016BS,ยางใน BS 750-16
809,2968,T2356018MA707MA,ยางนอก MA 235/60-18 MA707
810,2969,T2255519R46TOYO,ยางนอก TOYO 225/55-19 R46
811,2970,T70012,ยางใน มาสเตอร์ 700-12 จุ๊บยาว
812,2971,T2655020SUV10,ยางนอก GY 265/50-20 SUV10
813,2973,T2255017RE003BS00,ยางนอก BS 225/50-17 RE003
814,2974,T2657016ATGY00,ยางนอก MA 265/70-16 AT980
815,2975,T2055517ER370,ยางนอก BS 205/55-17 ER370
816,2976,T2457016AT980MA,ยางนอก MA 245/70-16 AT980
817,2978,S555DISPER,ผ้าดิสเบรคหลัง
818,2979,T1756515EC300DL00,ยางนอก DL 175/65-15 EC300
819,2982,T9002014G580BS00,ยางนอก BS 900-20 / 14 R156
820,2986,T2753520PEZROPL,ยางนอก PL 275/35-20 PEZRO
821,2988,T2656517SUVGY,ยางนอก GY 265/65-17 SUV
822,2989,T2155017EC300DL,ยางนอก DL 215/50-17 EC300
823,2991,T1756515E50YK,ยางนอก YK 175/65-15 E50
824,3003,S-MIRROR-01,กระจกมองข้าง ขวา
825,3041,S-LAMP-10,หลอดไฟเบรค-ขวา
826,3045,MAX-WHEEL-15,น๊อตล้อหลังขวา
827,3053,S-LAMP,หลอดไฟหน้า -ขวา
828,3118,SZZ-05,ฟลิว
829,3147,TOTAL20W50,น้ำมันเครื่อง 20W50 TOTAL
830,3189,S555HD0033-6871,บูชเบ้าคันเกียร์
831,3229,S-LAMP-11,หลอดไฟถอยหลังซ้าย
832,3230,S-LAMP-02,หลอดไฟเลี้ยวหลังซ้าย
833,3238,S-LAMP-13,หลอดไฟหรี่หน้าซ้าย
834,3261,S-SEAL-04,ซีลล้อหลัง ใน
835,3298,S555IS001,มู่เล่ย์ไดชาร์ต
836,3299,S555ZZZZB B10-50,ลูกปืนไดชาร์ท
837,3321,S555ZZZZมล MN 1 1/2,หม้อพักน้ำ
838,3337,S-STABILIZER-06,ลูกหมากก้ามปูครัช
839,3376,S555MS00กป 12V,กระปุกเวกก้า
840,3390,S555MD00B DG3060312R,ขาลูกรอกออโต้
841,3416,M-04-01-0009,เช็ครั่วหลัง ซ้าย
842,3428,S555IS00ISUZU-90-912,ยางเพลากลาง
843,3448,SSEAL-FR,ซีลล้อหน้า-ซ้าย
844,3453,MOBIL 4WD,น้ำมันเกียร์
845,3488,S-LAMP-12,กรอบป้ายทะเบียน
846,3516,S555FDPISTONRANGER,เปลี่ยนลูกสูบ
847,3527,S555ZZZZWP GWT-48A,ปั๊มน้ำ
848,3532,S555ZZZZ65-1042,เปลี่ยนปลอกสูบ
849,3549,S555MS00CK MB-012643,สายเวกก้ำ
850,3602,S-SPARK-PLUGS-01,หัวเทียน
851,3607,TBS82516/12MRBS,ยางนอก BS 750R/14 R156 เรเดียล
852,3608,T1956016EP15BS000,ยางนอก BS 195/60-15 EP200
853,3617,T10002016R157BS00,ยางนอก BS 1000 -20 / 16 R156
854,3618,TIN100020,ยางใน BS 1000-20
855,3619,T9002012HMBS00,ยางนอก BS 900-20 / 12 HM
856,3622,S555DISBERCH-F,ผ้าดิสเบรคหน้า
857,3625,T82516R210,ยางนอก BS เรเดียล 825/16 R210
858,3626,TBS 82516,ยางใน BS 825/16
859,3627,T65070075082516BS00,ยางรอง BS 650/700/750/825-16
860,3629,SHOCK-F,โช๊ค F
861,3630,T7001610MRBS00,ยางนอก BS 700-16 / 10 MR
862,3631,T65070016BS00,ยางใน BS 650/700-16
863,3636,T1956015F01,ยางนอก BS 195/60-15 F01
864,3639,T2054517MY02BS00,ยางนอก BS 205  /45 -17 MY02
865,3640,T75016R156BS00,ยางนอก BS 750R16 R156
866,3646,T8251612MRBS00,ยางนอก BS 825-16 / 14 MR
867,3665,T2457016G015,ยางนอก YK 245/70-16 G015
868,3666,T2156016GR100BS00,ยางนอก BS 215/60-16 GR100
869,3667,T1122.5R156,ยางนอก  BS  11R22.5R156
870,3669,T70516MA265,ยางนอก MA 750/16-14 Ma265
871,3670,T75016,ยางใน MA750-16
872,3671,T750/825-16,ยางรอง MA 750/825-16
873,3672,T1955515MY02BS00,ยางนอก BS 195  /55 -15 MY02
874,3680,S-SHOCK-00,โช้ค
875,3681,T7501612BS,ยางนอก BS 750-16/12
876,3684,T1955515EP300,ยางนอก BS 195/55-15 EP300
877,3686,T82520BS,ยางรอง BS 825-20
878,3691,T10002016D111,ยางนอก DS 1000-20/16 D111
879,3692,T100020M729BS00,ยางนอก BS 1000 -20
880,3709,T2255517T001,ยางนอก BS 225/55-17 T001
881,3716,WHEEL-01,ล้อกะทะ 
882,3730,T1955516ER30BS00,ยางนอก BS 195  /55 -16 EP300
883,3731,T1856515DT30,ยางนอก BS 185/65-15 DT30
884,3736,M-03-02,ลิ่มปรับมุมแคสเตอร์
885,3737,T700R16R200BS00,ยางนอก BS 700R16R 200
886,3742,T7501512D102,ยางนอก DS 750-15/12 D102
887,3769,B-GS-38B19L-MF,แบตเตอรี่ GS 38B19L-MF
888,3770,B-GS-DIN75,แบตเตอรี่ GS DIN75
889,3771,B-GS-46B24R,แบตเตอรี่ GS 46B24R-MF
890,3772,B-GS-46B24L,แบตเตอรี่ GS 46B24L-MF
891,3776,B-GS-GT100P,แบตเตอรี่ GS GT150
892,3784,M-01-01-FR,ปะสติมยางหน้า ขวา
893,3797,S-LAMP-06,หลอดไฟตัดหมอก-ซ้าย
894,3811,M-04-01-0001,ขัดทาน้ำยาขอบยางหน้าขวา
895,3874,S555NS00NISSAN 64-12,หม้อลมเบรค 
896,3891,T2057015VANGOSIAMES,ยางนอก SIAMES 205/70-15 VANGO
897,3916,M-03-01-BACK TIRE,กลับหน้ายาง
898,3925,น้ำมันเครื่อง,เติมน้ำมันเครื่อง V120
899,3996,S-MUFFLER,ชุดดันสายพาน
900,4019,TOYOTA HYPOID LSD,น้ำมันเฟื่องท้าย 
901,4095,SBREAKSHOES-02,จานเบรคหลัง-ซ้าย
902,4237,M-02-01-0004,สลับยางทแยงหน้าซ้าย
903,4243,T2157016SPLT30DL00,ยางนอก DUNLOP 215 /70 -16 SPLT30
904,4262,T31X10.515K02,ยางนอก BF 31X10.5-15 K02
905,4267,41-00-07-00,ทัวร์ไต้หวัน 20-24 มีค.61(1คน)
906,4270,T2057015LE02FS,ยางนอก FS 205/70-15 LE-02  หลังซ้าย
907,4274,T2155517F01FS00,ยางนอก FS 215/55-17 F01 หน้าซ้าย
908,4290,T1856515F01,ยางนอก FS 185/65-15 F01
909,4296,T2656018HT100DT,ยางนอก DAYTON 265/60-18 H/T100
910,4307,T2155516F01,ยางนอก BS 215/55-16 F01
911,4310,T2157015LE02BS,ยางนอก FS 215/70-15 LE02
912,4313,S555R/LTOYOTACAMRY,โช๊ค R TOYOTA CAMRY
913,4314,S555F/LTOYOTACAMRY,โช๊ค F TOYOTA CAMRY
914,4315,S555FTOYOTAVIOS,โช๊ค F TFR
915,4316,S555ISUZUDMAX2.5L,โช๊ค F ISUZU D-MAX 2.5L
916,4334,51-20-05-00,ค่าขนส่งเข้า-ฝ่ายผลิต 
917,4396,T2057015SIAMES,ยางนอก 205/70-15 SIAMES
918,4397,T2157015SIAMES,ยางนอก 215/70-15 SIAMES
919,4413,T2555018R03,ยางนอก 255/50-18 R03
920,4417,T2655020ARV7,ยางนอก ARIVO 265/50-20 ARV7
921,4426,T2555018MAX RACING,ยางนอก SUMAX 255/50-18 MAX RACING
922,4543,T2254019R19MICHELIN,ยางนอก Michelin 225/40-19 ZR19
923,4544,T2656517LATML00,ยางนอก มิชลิน 265 /65 -17 LATITUDE
924,4545,T21560163STML,ยางนอก ML 215/60-16 3ST
925,4546,T20555163SPML,ยางนอก ML 205/55-16 3SP
926,4547,T20514XCDTL109/107P,ยางนอก 205R14 XCD TL109/107P
927,4548,T21514CXCDTL112P(RT),ยางนอก 215/14 C XCD TL 112P(RT)
928,4549,T2657016TERRAINML,ยางนอก ML 265/70-16 TERRAIN
929,4550,T19565153STML,ยางนอก ML 195/65-15 3ST
930,4552,T2254017PIL3ML00,ยางนอก มิชลิน 225 /40 -17 PILOT SPORT3
931,4553,T22550173STML00,ยางนอก ML 225/50-17 3ST
932,4556,T2455018PRI3ML00,ยางนอก มิชลิน 245 /50 -18 PRIMACY 3 ST
933,4559,T2255017PRIHPML00,ยางนอก มิชลิน 225 /50 -17   PRIMACY 3ST
934,4560,T2656018SUVML00,ยางนอก ML 265/60-18 SUV
935,4562,T2354518SPORT3ML,ยางนอก ML 235/45-18 SPORT3
936,4563,T2056515XM2ML00,ยางนอก มิชลิน 205 /65 -15 XM2
937,4565,T3153520LATITUESPORT,ยางนอก ML 315/35-20 Latitude Sport
938,4566,T2156516SUVML,ยางนอก ML 215/65-16 SUV
939,4579,B-0&K K135L,แบตเตอรี่
940,4586,T2154517T005,ยางนอก BS 215/45-17 T005A
941,4600,SRBIMDCB0134380E,เบ้าโช้คอัพ
942,4622,M-07-01-0001,เช็คเบรคล้อหน้า-หลัง
943,4629,S555HD00เพลา AC'04 L,เพลาขับ 
944,4633,T2056016PRI3ML00,ยางนอก มิชลิน 205 /60 -16 PRI MACY 3ST
945,4635,S-BREAK HOSE-02,สายอ่อนเบรคหน้า-ซ้าย
946,4644,M-01-01-01,ปะสติมยาง อะไหล่
947,4657,S555MS0083-2343,สายพานปั๊ม
948,4660,S-SESL-02,ซีลราวลิ้น
949,4663,S555IS0051-50311,ซีลปั้มน้ำมันเครื่อง
950,4673,S555MD0062-245,จานเบรคหลัง
951,4677,T21555174STML,ยางนอก ML 215/55-17 4ST
952,4684,S555NS00กป BIG-M,กระป๋องฉีดน้ำฝน
953,4695,MAX WHEEL-05,ดัดแม็กซ์คดคู่หน้า-คู่หลัง
954,4709,S555MD00NKN 001,หัวเผา
955,4715,T22550174STML,ยางนอก ML 225/50-17 4ST
956,4737,S-ID,ยางหิ้วท่อไอเสีย
957,4750,SRBIIS8-97349955-0,กันฝุ่นก้ามปูครัช
958,4764,S-HORES SHOES01,เกียร์
959,4783,T19560153STML,ยางนอก ML 195/60-15
960,4788,T21545173STML,ยางนอก ML 215/45-17
961,4790,T1856015,ยางนอก ML 185/60-15
962,4795,T2054517TECHNO-S,ยางนอก BS 205/45-17 TECHNO-S
963,4796,T2055516TECHNO-S,ยางนอก BS 205/55-16 TECHNO-S
964,4798,T2156016NEXTRY,ยางนอก BS 215/60-16 NEXTRY
965,4799,T2155017NEXTRY,ยางนอก BS 215/50-17 NEXTRY
966,4800,T2055516NEXTRY,ยางนอก BS 205/55-16 NEXTRY
967,4818,T1756514EP200BS00,ยางนอก BS 175 /65 -14 Ecopia EP200  หลังซ้าย
968,4852,TBS9002014HM,ยางนอก BS 900-20
969,4856,S555DU00SMM-5203-RAM,ยกสับยาง
970,4877,M-08-02-0004,ตั้งศูนย์ (ลด 20%)
971,4880,M-06-01-0002,ขัดผ้าเบรคคู่หลัง+ตั้งเบรค+ล้างทำความสะอาดหลัง
972,4888,TBS100020R157,ยางนอกเรเดียล BS 1000-20 R156
973,4889,TBS1100-20,ยางใน BS 1100-20  เรเดียล
974,4890,PLAP10002,ยางรอง BS 1000-20  เรเดียล
975,4905,T1756514EP150BS00,ยางนอก BS 175/65-14 EP150
976,4907,TBS11R22.5,ยางนอก เรเดียล BS 11R22.5  R156
977,4910,M-01-02-0002,ปะยางหลัง-ซ้ายนอก
978,4935,S555NS0052-4031,ซีลท้ายเกียร์
979,4949,SRBITY48740-33080,เหล็กคานหลัง
980,4950,S-ARM-BUSHING-09,บูชคานหลัง เล็ก
981,4951,S-ARM-BUSHING-10,บูชคานหลัง ใหญ่
982,4957,T2157015R51,ยางนอก FK 215/70-15 R51
983,4959,SBEARING-RL,ลูกปืนล้อหลัง-ซ้ายขวา
984,4970,S-SERVICE-00,ผ้ายางปูพื้น
985,4975,51-04-07-00,ไดร์เออร์
986,4978,S555ZZZZSC SC-80323R,ลูกยางโอริง
987,4996,FUEL-01,หัวเชื้อน้ำมันเครื่อง(BARDAHL)(มาร์เดอล์2)
988,5047,S555CH00SMM-11021,ดัดแหนบหลัง
989,5074,M-04-01-0008,เช็ครั่วหลัง ขวา
990,5090,T2156516LE02FS00,ยางนอก FS 215/65-16 LE02
991,5092,T2157016LE02FS00,ยางนอก FS 215/70-16 LE-02 คู่หน้า
992,5100,TBS75016R156,ยางนอกเรเดียล BS 750-16 R156
993,5105,HELIX10W40,น้ำมันเครื่อง
994,5107,10W40PERTAMINI,"น้ำมันเครื่อง 10W40 PERTAMINA เบนซีล10,000โล"
995,5137,T2656517AT20DL00,ยางนอก DUNLOP 265 /65 -17 AT20
996,5142,T2656018AT20,ยางนอก DL 265/60-18 AT20
997,5145,M-01-02-0003,ปะยางหน้า-ขวา
998,5177,TBS7001612,ยางนอก BS 700/16-12
999,5178,TIN700-16,ยางใน BS 700-16
1000,5179,PLAP70016,ยางรอง BS 700-16
1001,5184,SZZZ-05-03,สาแหรกหน้า
1002,5185,SZZZ-03,สะดือแหนบหน้า
1003,5192,T1856015R1,ยางนอก DL 185/60-15 R1
1004,5196,28697,ก้ามเบรคหน้า
1005,5201,TBS  82516,ยางรอง BS 825/16
1006,5203,M-03-01-01,ยกสับยาง
1007,5211,TBS70016,ยางใน BS 700-16
1008,5223,S-GREASE-02,อัดจารบี
1009,5241,TBS82516,ยางนอก BS 825/16/14
1010,5247,S-CYLINDER-02,กระบอกเบรคหน้า-ซ้าย
1011,5252,S555IS0062-0131,สลักคอม้า
1012,5254,S555CALIPER62-10001,ชุดซ่อมลูกยางเบรค-หน้าขวา 2 อัน
1013,5268,S555TY00CK 837101245,สายไฟ
1014,5293,S555TY00BP GT-80010,ลูกปืนลูกรอก 
1015,5311,S555ZZZZฟ SL 1016487,หลอดไฟหลังคา
1016,5341,S-SPARK-PLUGS-02,ยางรองเบ้าหัวฉีด
1017,5372,S-SKOCK-06,กันโครงหลัง
1018,5429,S-ARM BUSHING-03,บูชปีกนกบน-เล็ก
1019,5430,S-ARM BUSHING-04,บูชปีกนกบน-ใหญ่
1020,5442,SWIPER-BLADE-02,กระปุกเวกกิ้ง
1021,5462,M-SERVICE-28,ค่าบริการ เหมาสุทธิ
1022,5471,ค-040,ค่าอาหารเลี้ยงรับรอง
1023,5498,53-70-03-00,ค่ารับรอง-ฝ่ายบริหาร 
1024,5506,M-SERVICE-17,ค่าบริการนอกสถานที่
1025,5541,S555ZZZZWPT UJ-10,ปั้มเพาเวอร์
1026,5547,S555NS0045-221,แป๊ปน้ำราวลิ้น
1027,5563,S-ARM-BUSHING-07,ปีกนกบนซ้าย-ขวา
1028,5582,52-00-03-00,ค่ารับรอง-ฝ่ายขาย 
1029,5607,T2454518TZ700FS00,ยางนอก FS 245/45-18 TZ700
1030,5613,T1856515SP300,ยางนอก DL 185/65-15 SP300หลังขวา
1031,5618,T2156516EC300DL,ยางนอก DL 215/65-16 EC300
1032,5739,U-ยางหุ้มเพลา01,ยางหุ้มเพลาใน-ขวา
1033,5746,T1756514F01FS00,ยางนอก FS 175/65-14 F01
1034,5757,MOBIL 5W30 1,น้ำมันเครื่อง 5w50 Mobil 1
1035,5762,B-BATTERY-TRAY,ถาดรองแบตเตอรี่
1036,5812,PERETAMINA5W30,"น้ำมันเครื่อง PERTAMINA 5W30 (เบนซีล)10,000โล"
1037,5817,M-09-01-0001,เติมลมไนโตรเจน
1038,5846,M-03-01-1921,ถ่วงล้อ  ลด20%
1039,5866,S555P06,ฝาครอบลูกปืนล้อหน้า ขวา
1040,5867,SRBI-02,ยางหุ้มแล็ค
1041,5874,T2156515LEO627,ยางนอก BS 215/65-15 LEO627
1042,5909,MAX WHEEL-06,ดัดแม็กซ์คดหน้า-ซ้าย
1043,5935,ยางตัน 700-12,ยางตัน 700-12
1044,5936,ยางตัน 300-15,ยางตัน 300-15
1045,5940,T2157015R624BS00,ยางนอก BS 215/70-15 R624
1046,5941,M-01-02-0000,ปะยางรถ JCB
1047,5942,TBS82520,ยางนอก BS 825/20
1048,5963,MAX WHEEL-04,ดัดแม็กซ์คดหลัง-ซ้าย ขวา
1049,5965,M-08-02-0005,ตั้งศูนย์ (ลด 40%)
1050,5972,B-PUMA-3G-80D23L,แบตเตอรี่ Puma-80D24L
1051,5974,53-21-01-00,ค่าน้ำมัน-ฝ่ายบริหาร
1052,5975,MAX WHEEL-02,ดัดแม็กซ์คดหน้า-ขวา
1053,5985,T2154518MAXTTDL,ยางนอก DL 215/45-18 MAX TT
1054,6010,B-3K-ADX75R,แบตเตอรี่ 3K ADX75R
1055,6036,T2056016T1S,ยางนอก TOYO 205/60-16 R38หน้าซ้าย
1056,6093,SZZZ-05-05,โตงเตง
1057,6095,SZZZ-05,เต้าแหนบ
1058,6099,SZZZ-04,ยางกันกระแทกแหนบ -เล็ก
1059,6101,T21514XCDML00,ยางนอก มิชลิน 215 -14 XCD คู่หลัง
1060,6103,S-GEAR-03,บูชแหนบหน้า
1061,6107,TIRE-PERCENT,ยางเปอร์เซ็นต์  205/45-17
1062,6131,TBS75015,ยางใน BS 750-15
1063,6132,TBS750-15,ยางรอง BS 750-15
1064,6146,S555ISO62-014,สลักเพลาหน้า
1065,6160,T21514L677BS00,ยางนอก BS 215 -14 L677 คู่หลัง  ปี0918
1066,6186,S555CB2853ยาง,ยางอัดดอก 700-16 (หลังนอกขวา)
1067,6189,S-SECOND-05,ยางเปอร์เซ็นต์
1068,6220,T1956515EP300,ยางนอก BS 195/65-15  EP300
1069,6225,SNANTY002367,"ก้ามเบรก No.:2367-T/A  COMMUTER, D4D-R"
1070,6226,SNANTY00291,ก้ามเบรก No.:291-T/A  AVANZA-R
1071,6227,SNANIS00496,"ก้ามเบรก No.:496-S.  D-MAX 4x4 WD, MU-7, HI-LANDER"
1072,6228,S555ONLY680T/ACOMMUT,"ดิส ONLY 680 T/A COMMUTER , D4D F"
1073,6229,S555RC2367T/ACOMMUTE,ก้าม RC-282
1074,6251,53-60-03-00,ค่าธรรมเนียมธนาคาร
1075,6302,R-00000001,โคมไฟหน้า
1076,6303,S-LAMP-05,หลอดไฟตัดหมอก-ขวา
1077,6314,B-PUMA-3G-90D26L,แบตเตอรี่ Puma-90D26R
1078,6346,S-SHOCK-08,อด๊าฟเตอร์
1079,6356,S555ZZZZZZZZ-8040,หัวน็อตมิลดำ 19-1.5
1080,6369,T1855516EXGY00,ยางนอก GY 185 /55 -16 EXCELLENT
1081,6370,T2354518EAGLETOURING,ยางนอก GY 235/45-18 EAGLE TOURING
1082,6375,T8252012HMBS00,ยางนอก BS 825-20 / 12 HM
1083,6378,T2056516EC300,ยางนอก DL 205/65-16 EC300
1084,6385,ลิ้นยาง15BS00,ลิ้นยางขอบ16BS
1085,6389,T2256517EP850BS00,ยางนอก BS 225 / 65-17 Ecopia EP850
1086,6390,U-ยางหุ้มเพลา,ยางหุ้มเพลานอก-ขวา
1087,6398,SRBIMDB48134380C,เบ้าโช้คหลัง
1088,6399,S555NS0030-323,ยางกันกระแทกโช๊คหลัง
1089,6405,MOBIL80W90,"น้ำมันเครื่อง Mobil 20W50 5,000โล"
1090,6408,HONDA CVTF,น้ำมันเกียร์ CVTF
1091,6413,T2154517GR100,ยางรถยนต์ BS 215/45-17 GR100
1092,6417,M-04-01-0005,เช็ครั่วหน้า ซ้าย
1093,6449,T23545184STML,ยางนอก ML 235/45-18 4ST
1094,6492,MAX-WHEEL-13,น็อตล้อ หน้าซ้าย
1095,6535,TOTAL 5W30,น้ำมันเครื่อง Total Quartz 9000 5w-30  ดีเซล
1096,6547,PTT 15W40,"น้ำมันเครื่อง 15W40 PTT  5,000โล"
1097,6551,T2657016RS10HK,ยางนอก HK 265/70-16RF10 คู่หน้า
1098,6560,น้ำมันดำ,น้ำมันดำ
1099,6594,T2057015XCDML00,ยางนอก มิชลิน 205 /70 -15 XCD2คู่หลัง
1100,6621,T2655020SPMAX050DL,ยางนอก DL 265/50-20 SP MAX050
1101,6626,SBREMBO-01,แม้มโบ้    ฟรี
1102,6627,41-00-08-00,เทรินชุดเก่า
1103,6628,T2555018R1RLENSO,ยางนอก LENSO 255/50-18 R1R
1104,6632,SZZZ-05-01,โหลดหลัง   ฟรี
1105,6634,M-08-04-0004,ปรับเกลียวหน้า
1106,6645,T2155516T005ABS,ยางนอก BS 215/55-16 T005A  ปี3718
1107,6647,T2657016RF10HK,ยางนอก HK 265/70-16 RF10
1108,6663,M-09-01-0002,เช็คลมไนโตรเจน
1109,6715,51-20-07-00,ค่าน้ำมัน-ฝ่ายผลิต 
1110,6814,T1857014EP150BS00,ยางนอก BS 185/70-14 EP150
1111,6817,T19515LT5DL00,ยางนอก DUNLOP 195 -15 LT5
1112,6819,T18514R623BS00,ยางนอก BS 185 -14 R623
1113,6873,T2256016GR100BS00,ยางนอก BS 225/60-16 GR-100 หลังซ้าย
1114,6882,M-04-01-0011,จุ๊บเติมลมพร้อมใส่
1115,6893,S555TY0050-5090,ซีลคอหลัง
1116,6894,S555MS0053-5011-2,ซีลหน้าเกียร์
1117,6908,SRBITY90303-22049,ยางรองเบ้าโช้คหน้า
1118,6909,S-SHOCK-02,ยางกันกระแทกโช้คคู่หน้า
1119,6932,T2156515C1STOYO,ยางนอก TOYO 215/65-15 C1S (3518)
1120,6936,S555NS0090-321,ยางกันฝุ่นหน้าขวา เคลม
1121,6955,T22550173ST,ยางนอก ML 225/50-17 3ST
1122,7040,T2254018MAXXDL00,ยางนอก DUNLOP 225 /40 -18 MAX050ปี1016
1123,7049,T2254018C1STOYO,ยางนอก TOYO 225/40-18 C1S   ปี1318
1124,7051,M-08-03-1800,ตั้งศูนย์ล้อรถ-ขอบ 18
1125,7069,TBS75016,ยางใน BS 750-16
1126,7075,T2056515EP300,ยางนอก BS 205/65-15 EP300
1127,7093,S-RING-01,แหวนกันสั่น  ฟรี
1128,7129,S555DOT300,ผ้าเบรค DOT3 24x0.5L
1129,7130,SHELL324X4L,น้ำมันเครื่อง SHELL ฟลัชชิ่งออยล์ 32 4x4L
1130,7131,SBENZZDOT3-500CC,"น้ำมันเบรค,Bendix,ชนิด-DOT3ขนาดกระป๋อง500CC"
1131,7160,S-HOSE-03,ท่อน้ำหม้อต้ม
1132,7164,S-SEAL-05,ซีลเบ้าหัวเทียน
1133,7217,MOBIL-HD-85W-90,น้ำมันเกียร์ 
1134,7258,S-SPARK-PLUGS,ห้วเทียน
1135,7320,B-PUMA-3G-10531L,แบตเตอรี่ Puma-105D31L
1136,7341,T2357515AT22DL00,ยางนอก DUNLOP 235 /75 -15 AT22ปี1717
1137,7356,T825R1614BS00,ยางนอก BS 825R16-14 PR R210Z
1138,7374,PTT 10W40,น้ำมันเครื่อง 15W40 PTT
1139,7377,PTT-ATPIA,น้ำมันเครื่อง PTT:ออโต้เมกATPIA (4x4)
1140,7379,PTT,น้ำมันเกียร์ PTT
1141,7380,PTT 0W40,น้ำมันเครื่อง PTT
1142,7390,M-03-01-1800,ถ่วงล้อ ขอบ 18 ลด20%
1143,7393,MAX-WHEEL-08,ดัดแม็กซ์คด
1144,7411,SRBITY0001,เบ้าโช๊คหน้า
1145,7412,S555ZZZZBR,ลูกปืนเบ้าโช้คหน้า-ขวา
1146,7442,T2655020MAXX050DL,ยางนอก DL 265/50-20 MAXX050
1147,7448,S555N00TOYOTA002,โช๊คหลัง
1148,7457,SCOOLANT-04,น้ำยาทำความสะอาดระบบเบรค
1149,7466,S-SHOCK-03,ยางกันกระแทกโช้คคู่หลัง
1150,7525,T2656018AT25DL,ยางนอก DL 265/60-18 AT25  (แก้มขาว)ปี18
1151,7554,SBREAKPAD-15,ผ้าเบรคหน้า N-SPORT
1152,7617,S5555GUTOO,แผ่นปะยาง
1153,7620,S555ZZZZ65-1085,กาวน้ำมาูรูนิ
1154,7624,M-04-01-0010,ฝาจุ๊บเติมลมเขียว
1155,7634,S555ZZZZ60-010,ตะกั่วถ่วงล้อ 10 กรัม (สีฟ้า)
1156,7642,SRBIHD45216-SEO-911,ลูกสูบดิสเบรคหน้าซ้าย
1157,7735,S555IS00I/S 60-207,ยางเบรคหลัง-ซ้าย
1158,7749,TDSTONE70015,ยางนอก D-STONE 700-15
1159,7750,TMARTER70015,ยางใน มาสเตอร์ 700-15
1160,7751,TTMARTER70015,ยางรอง มาสเตอร์ 700-15
1161,7772,S555สายลม,สายลม
1162,7788,T3157516MT762MA,ยางนอก MA 315/75-16 MT762
1163,7797,T2457516AT2DL00,"ยางนอก DUNLOP 245 /75 -16 AT2 ปี0316,0216"
1164,7827,S-CAP RADIA TOR-01,ฝาหม้อน้ำ
1165,7836,S555MD00NKN N2005 2H,หัวเพลา
1166,7840,M-08-03-2000,ตั้งศูนย์ล้อรถ-ขอบ 20
1167,7842,M-SPRAY-01,พ่นสีดุมล้อ  ฟรี
1168,7845,M-03-01-1920,ถ่วงล้อ ขอบ -20
1169,7856,SBREAKPAD-06,ผ้าเบรคหลัง Bendix
1170,7971,51-20-08-00,ค่าซ่อมแซมเครื่องจักร 
1171,7996,T2453520C1STOYO,ยางนอก TOYO 245/35-20 C1S  ปี0118
1172,8009,SRBIMPน้ำยาฟรีปั๊ม Z,หัวเชื้อถังน้ำมัน
1173,8020,ก-001,กากบาท
1174,8028,S-SLING,สายสลิง
1175,8039,MOBIL 80W90,น้ำมันเกียร์  2.5ลิตร
1176,8061,T2055516C1STOYO,ยางนอก TOYO 205/55-16 C1S(3117=30818=1)
1177,8069,S555NS0030-325,ยางกันฝุ่นโช๊คหลัง
1178,8099,S-SECOND-01,ยางถอด 265/50-20
1179,8110,S-ENGINE MOUNTING-02,ยางแท่นเครื่องหน้าขวา
1180,8195,S555NS0030-322,ยางกันกระแทกโช๊คหน้า
1181,8208,T2155017EP300,"ยางนอก BS 215/50-17 EP300  ปี3618,1917"
1182,8246,T2254018PS71,ยางนอก KH 225/40-18 PS71 ปี0217
1183,8252,T2255517F01FS00,ยางนอก FS 225/55-17 F01 ปี4017
1184,8257,MAX-WHEEL-14,บล็อกขันน๊อต   ฟรี
1185,8276,TOTAL5W40,น้ำมันเครื่อง 5W40 TOTAL
1186,8279,5W30TOTAL,น้ำมันเครื่อง5W-30TOTAL ดีเซล     7ลิตร
1187,8283,T2455018T005,ยางนอก BS 245/50-18 T005
1188,8312,S555IS0040-3052,กันสาด
1189,8380,T2256517LE02FS00,ยางนอก FS 225/65-17 LE-02
1190,8406,T2457016D693BS00,ยางนอก BS 245 / 70-16 D693  ปี1018
1191,8409,T2154517DT30BS00,ยางนอก DAYTON  215/45-17 DT30ปี4517
1192,8421,M-SERVICE-12,ค่าบริการ+เปลี่ยนผ้าเบรคหน้า
1193,8472,S555ZZZZ65-1041,ฝาปิดน้ำมันเครื่อง
1194,8479,T2055017PS71,ยางนอก KM 205/50-17 PS71 ปี0217
1195,8492,U-ยูริเทรน,ยูนิเทรนหลัง
1196,8539,T2657016SUVML,ยางนอก ML 265/70-16 SUV
1197,8566,T2056515LM704DL00,ยางนอก DUNLOP 205 /65 -15 LM704
1198,8570,T1656514EC300DL00,ยางนอก DUNLOP 165 /65 -14 EC300ปี18
1199,8577,B-GS-80D26L,แบตเตอรี่ GS VS80R
1200,8602,T2656018HT152,ยางนอก GITI 265/60-18 HT152
1201,8626,S555สเปเซอร์,สเปเซอร์รองปีกนก
1202,8656,S555NS0030-324,ยางกันฝุ่นโช๊คหน้า
1203,8701,T1956515EP150,ยางนอก BS 195/65-15 EP150 (2718)
1204,8714,B-PUMA46B19L,แบตเตอรี่ PUMA 46B19L
1205,8716,T2154517ST01FS,ยางนอก FS 215/45-17 ST01  ปี2018
1206,8733,S-LAMP-04,หลอดไฟเสียบหน้าขวา
1207,8762,T2055017EP300,"ยางนอก BS 205/50-17 EP300 ปี17,18"
1208,8787,T2655020PA02YK,ยางนอก PARADA 265/50-20 PA02  ปี3917
1209,8826,T22545181A182DE,ยางนอก DELIUM 225/45-18 IA182  ปี3118
1210,8843,T2054517GN2DELIUM,ยางนอก DELIUM  205/45-17 GN2   ปี3418
1211,8854,T2456517LE02FS00,ยางนอก FS 245/65-17 LE-02  ราคาพิเศษ
1212,8861,T24545187ZE914FK,ยางนอก FK 245/45-18 ZE914คู่หน้า ปี4616
1213,8884,T2356017LE02FS00,ยางนอก FS 235/60-17 LE-02 คู่หน้า ปี17
1214,8919,T2254517T005,ยางนอก BS 225/45-17 T005 ปี0918 
1215,8947,T2254520PA02YOKO,ยางนอก YOKO 225/45-20 PA02  ปี1218
1216,8996,T2556018D684BS00,ยางนอก BS 255 / 60-18 D684  คู่หลัง ปี1018(ยางถอด)
1217,9018,T2254518SPORT01,ยางนอก FS 225/45-18 SPORT 01 (1018)
1218,9077,T2557015PT2DL00,ยางนอก DUNLOP 255 /70 -15 PT2
1219,9098,T20514D840BS,ยางนอก BS 205/14 D840
1220,9108,MITSU,น้ำมันเกียร์
1221,9132,S-SPARK-PLUGS-06,ยางวงเดือน
1222,9145,T2354518GITIG228V1,ยางนอก GITI 235/45-18 GT228
1223,9150,T2054517ST01FS,ยางนอก FS 205/45-17 ST01(1318)
1224,9161,MOBIL 1 5W30,"น้ำมันเครื่อง MOBIL1  5w50 10,000โล"
1225,9164,S555TY0040-403,โช้คค้ำฝากระโปรงหน้า
1226,9175,0W40MOBIL1,เติมน้ำมันเครื่อง 10W40 Mobil 0.5ลิตร
1227,9230,M-SERVICE-22,ค่าบริการเช็คเดินทางไกล
1228,9239,M-SERVICE-26,ค่าบริการเช็คช่วงล่าง
1229,9246,T2056515GR100BS00,"ยางนอก BS 205/65-15 GR100 ปี5217,5317"
1230,9267,T1955016MY02BS,ยางนอก BS 195/50-16 MY02  1618
1231,9277,T2657016H/T100,ยางนอก BS 265/70-16 H/T 100
1232,9406,M-03-01-RR,ถอดใส่ยางหลัง-ขวา
1233,9487,M-01-02-0001,ปะยางหลัง-ขวา
1234,9515,M-03-01-FR,ถอดใส่หน้า-ขวา
1235,9527,M-03-01-RL,ถอดใส่ยางหลัง-ซ้าย
1236,9614,T2556517D684BS,"ยางนอก BS 255/65-17 D684(4118=2,2318=2)"
1237,9621,M-SERVICE-04,ค่าบริการเปลี่ยนถ่ายน้ำมันเครื่อง
1238,9641,S-BREAK HOSE-01,สายอ่อนเบรคหน้า
1239,9664,S555ZZZZ65-204,หัวอัดจารบี 
1240,9683,T2154517F01FS00,ยางนอก FS 215/45-17 F01  ปี0118
1241,9701,SRBIPEบุชคันส่ง,บูชขาครัช
1242,9734,T2656018PT2DL00,ยางนอก DUNLOP 265 /60 -18 PT2
1243,9760,M-04-01-0012,จุ๊บเลส
1244,9774,M-02-01-0003,สลับยาง-หน้าหลัง
1245,9923,T2054517PS31KM,ยางนอก KM 205/45-17 PS31
1246,9970,T2656018EFFICEOIFTGY,ยางนอก GY 265/60-18 EFFICEOIFT  ปี3318
1247,10001,T2655020NT4203NT,ยางนอก NT 265/50-20 NT420S    ปี0417
1248,10007,SBREMBO,แม้มโบ้ หน้า+พ่นสีดุมล้อ
1249,10043,T2657516D697BS00,ยางนอก BS 265 / 75-16 D697 ปี1318
1250,10075,T2056516LM704DL00,ยางนอก DUNLOP 205/65-16 LM704 ปี3415
1251,10099,SRBIPEเหล็กกันโคลงหน,เหล็ก
1252,10124,S555BE0061-360,แกลอน
1253,10214,OW20PERTAMINA,"น้ำมันเครื่อง OW20 PERTAMINA เบนซิล(10,000โล3ลิตร)"
1254,10244,T2056016EP300,ยางนอก BS 205/60-15 EP300
1255,10248,T1955515DT30,ยางนอก BS 195/55-15 DT30
1256,10300,S-SECOND-06,เฟื่อง ABS +ฝาปิดดุมลูกปืน-ซ้าย
1257,10301,S55ZZZ65-1043,ปลอกอัดลูกปืนล้อหลังซ้ายขวา
1258,10302,S555MS0061-4065,น็อตดุมล้อ-ขวา
1259,10314,T1955515GR100BS00,"ยางนอก BS 195/55-15 GR100 ปี2118,2218,5317"
1260,10353,S-WHEEL-03,น้อตล้อ
1261,10356,T2055516T005BS,ยางนอก BS 205/55-16 T005 ปี5018
1262,10411,T2557015EP850BS00,ยางนอก BS 255 / 70-15 Ecopia EP850
1263,10436,T2457016AT22DL,"ยางนอก DL 245/70-16 AT22 ปี3417,4217"
1264,10502,T2657516MT2DL00,ยางนอก DUNLOP 265 /75 -16 MT2
1265,10521,T2457016D689BS00,"ยางนอก BS 245 / 70-16 D684 ปี4818,3817"
1266,10575,MAXLIFE,น้ำมันเกียร์ MAXLIFE
1267,10627,S555ZZZZWP WPT-124V,ปั๊มน้ำ 
1268,10632,JK267700-74304D,หัวเทียน
1269,10686,T2155517T005BS,ยางนอก BS 215/55-17 T005A ปี5018
1270,10712,T2657016MA980MA,ยางนอก MA 265/70-16 MA980  ปี3517
1271,10739,T2656018RA33,ยางนอก HK 265/60-18 RA33
1272,10780,0W20MOBIL,"น้ำมันเครื่อง 0W20 MOBIL 10,000โล"
1273,10802,T2056516EC503DL00,ยางนอก DUNLOP 205 /65 -16 EC503
1274,10812,M-04-01-0004,เช็ครั่วหน้า ขวา
1275,10931,S555ZZZWPT UJ-11,ปั้มแย๊ก  ลด
1276,10935,T1956515GR100BS00,ยางนอก BS 195/65-15 GR100 ปี5117
1277,10968,T2255517TZ700FS,ยางนอก FS 225/55-17 TZ700 ปี0918
1278,10976,T2656517AT700MA,ยางนอก MA 265/65-17 AT700
1279,11028,B-PUMA60B24L,แบตเตอรี่ PUMA-65B24L +เทริน
1280,11041,T2457016AT3DL00,ยางนอก DUNLOP 245 /70 -16 AT3  ปี2618
1281,11048,T2254518DT30BS,ยางนอก DAYTON 225/45-18 DT30 ปี3817
1282,11066,T2357016LE02FS,ยางนอก FS 235/70-16 LE02  ปี17
1283,11076,T2453520IA182DE,"ยางนอก DE 245/35-20 IA182  ปี0118,1518"
1284,11089,"T2257015MAP3,A",ยางนอก MA 225/70-15 MA-P3
1285,11168,T2453520K120,ยางนอก HK 245/35-20 K120  ปี2917
1286,11203,M-08-04-0003,ปรับหน้า
1287,11217,T2056016ZE912,ยางนอก FK 205/60-16 ZE912  ปี0316
1288,11220,T2055516DT30,"ยางนอก BS 205/55-16 DT30  ปี3118,4217"
1289,11265,T2356018PT2DL00,ยางนอก DUNLOP 235 /60 -18 PT2 ปี2614
1290,11274,T1956016EP150BS00,ยางนอก BS 195  /60 -16 EP150 ปี0218
1291,11302,T20555163STML,ยางนอก ML 205/55-16 3ST
1292,11312,T1955515F01FS00,ยางนอก FS 195/55-15 F01 ปี4617
1293,11382,S-SHOCK DUST COVER02,ยางกันฝุ่นโช้คคู่หลัง
1294,11388,S-SPARK-PLUGS-061,ยางรัดแล็ค
1295,11516,0W40PERTAMINA,"น้ำมันเครื่อง 0W40 PERTAMINA เบนซิล 10,000โล"
1296,11526,T2254517PS71,ยางนอก KH 225/45-17 PS71
1297,11580,B-PUMA-3G-65B24R,แบตเตอรี่ Puma-65B24R
1298,11684,T267516RF10HK,ยางนอก HK 265/75-16 RF10
1299,11799,T1756514H308HK,ยางนอก HK 175/65-14 H308
1300,11990,S-LAMP-09,กรอบไฟหน้า+หลอดไฟหน้า
1301,11992,T2157015VAN600,ยางนอก GITI 215/70-15 VAN600  ปี0718
1302,12005,T2255517LM704DL00,"ยางนอก DUNLOP 225 /55 -17 LM704 ปี3918,2118"
1303,12032,PETRONAS 5W30,"น้ำมันเครื่อง 5W30 PERTAMENA 10,000โล"
1304,12042,T2555518SUV880,ยางนอก GITI 255/55-18 SUV880   ปี2918
1305,12077,T2656018ST01FK,ยางนอก FK 265/60-18 ST01  คู่หน้า
1306,12134,T1955516EP150,ยางนอก BS 195/55-16 EP150
1307,12167,T2656517RH12HK,ยางนอก HK 265/65-17 RH12
1308,12194,T2054516MY02BS00,ยางนอก BS 205  /45 -16 MY02 ปี2018
1309,12304,T2156515R611BS,ยางนอก BS 215/65-15 R611   คู่หลัง ปี3818
1310,12361,T2355517DZ102DL00,ยางนอก DL 235/55-17 DZ102ปี4916
1311,12364,T2255517G228,ยางนอก GITI 225/55-17 G228 ปี1917  เคลม
1312,12391,T1956014EP150BS00,ยางนอก BS 195/60-14 EP150 ปี3817
1313,12411,T2454518GT228GITI,ยางนอก GITI 245/50-18 GT228 ปี2717
1314,12438,B-PUMA-54313,แบตเตอรี่ PUMA 54313
1315,12443,T2154517ZE912FK00,ยางนอก FK 215/45-17 ZE912   ปี4617
1316,12450,M-01-02-0004,ปะยางหน้า-ซ้าย
1317,12456,T2357015GT30DL,ยางนอก DL 235/70-15 GT30  คู่หน้าปี3018
1318,12556,S555NS00B ACS0406D,ลูกปืนยอยพวงมาลัย
1319,12579,T2157016R624BS00,ยางนอก BS 215/70-16 R624 ยางปี16
1320,12626,T1856015DT30,ยางนอก DT 185/60-15 DT30
1321,12641,T2056515R1DL,ยางนอก DL 205/65-15 R1
1322,12694,T1955016CF2TOYO,ยางนอก TOYO 195/50-16 CF2
1323,12715,T2156016SPTR1,ยางนอก DL 215/60-16 SPTR1(2918)
1324,12843,S555NS00CK 6562015G0,สายดึงฝากระโปรงท้าย
1325,12867,T1956015CF2TOYO,ยางนอก TOYO 195/60-15 CF2(2518)
1326,12874,T2154517H457HK,ยางนอก HK 215/45-17 H457 ปี2917 หน้าซ้าย
1327,12913,S-SEAL-02,ซีลล้อหน้านอก
1328,12923,T2657016IT206DE,ยางนอก DE 265/70-16 IT206 ปี  0118
1329,12969,S555TY0021-0325,ปีกนกล่าง(ทั้งปีก)
1330,12975,S-DOOR HANDLE-01,มือเปิดฝาท้ายพร้อมใส่
1331,13046,T1956515CC6,ยางนอก CT 195/65-15 CC6  คู่หน้า
1332,13114,T19514LT37DL,ยางนอก DL 195R14 LT37  ปี2118 คู่หน้า
1333,13220,MOBIL 1 5W40,น้ำมันเครื่อง MOBIL1   5W50  5ลิตร
1334,13343,M-08-04-0005,ค่าบริการถอดใส่+ตั้งศูนย์ เหมา
1335,13397,MOBIL15W50,"น้ำมันเครื่อง MOBIL 1   5W50 10,000โล"
1336,13470,T1956015CC6CONTINCNT,ยางนอก Contincntal 195/60-15 CC6
1337,13478,SAE40TOTOA,"น้ืำมันเครื่อง SAE 40 TOTAL 10,000โล(ดีเซล)6ลิตร"
1338,13580,SHELL 5W30,"น้ำมันเครื่อง SHELL 5W30  10,000โล 6ลิตร"
1339,13587,S555ZZZZHL/PHILLIPS,หลอดไฟในเก๋ง
1340,13595,T2355517SUV520,"ยางนอก GITI 235/55-17 SUV520 ปี4417,1717"
1341,13599,STICGER,สติ๊กเกอร์ปิดฝาครอบล้อ
1342,13752,BARING-01,พลาสติกอุดกรองโซล่า
1343,13755,T2356017HT152GITI,ยางนอก GITI 235/60-17 HT152  ปี1418
1344,13787,T2157015R623BS00,ยางนอก BS 215 / 70 -15 R623   ปี2417
1345,13868,S555IS00ASCO DG-020U,แผ่นรองเบรคซ้าย-ขวา+ค่าบริการ
1346,13896,T2154517G280,ยางนอก GITI 215/45-17 G280  ปี1118 คู่หน้า
